К здоровью и долголетию с природой Сибири.,http://addssites.com/page.php?id=24123,дата - 05.03.2012, рейтинг - 491,"Сайт консультанта корпорации Сибирское здоровье в Астрахани. Продукция для оздоровления и красоты из экологически чистого сырья Сибири, Алтая, о. Ольхон. Корпорация имеет собственное современное производство и научный центр."
Сертификационного центра «Мостест».,http://addssites.com/page.php?id=25848,дата - 01.04.2012, рейтинг - 367,"Сертификация - подтверждение соответствия продукции (процесса) требованиям нормативно-технической документации, осуществленное третьей стороной (аккредитованным органом по сертификации)."
Сайт офтальмолога Аскеровой Севиндж Мустаджабовны.,http://addssites.com/page.php?id=24654,дата - 11.03.2012, рейтинг - 348,"Сайт содержит информацию о специализации, профессиональных навыках, современных методах и технологиях терапевтического и хирургического лечения глазных заболеваний, а также эстетической и лечебной пластике глаза и лица."
"Массажные кровати ТераМакс, Акупунктура, Су Джок терапия.",http://addssites.com/page.php?id=103,дата - 01.12.2009, рейтинг - 345,"Наша компания предлагает массажные кровати ТераМакс - Theramax.Ru. Китайская Чжень-цзю терапия, массаж, аюрведа, прижигание, лечение природными камнями и минералами. Theramax.Ru"
Полное обследование организма.,http://addssites.com/page.php?id=22536,дата - 13.02.2012, рейтинг - 341,Полное обследование организма в Москве. Центр обследования здоровья предлагает Вам пройти полное обследование организма за 1 день методом Оберон диагностики здоровья.
Счастливое 11 - каждый найдет что-то для себя!,http://addssites.com/page.php?id=26317,дата - 05.04.2012, рейтинг - 337,"Наш сайт поможет вам разобраться в себе, найти те вещи, которые бы делали вашу жизнь интересней. Мы готовы выслушать все ваши вопросы и дать соответствующие советы. Будем очень благодарны за ваш интерес и внимание!"
Психологический Центр Интеграция.,http://addssites.com/page.php?id=24904,дата - 12.03.2012, рейтинг - 324,"Психологический Центр Интеграция, оказывает широкий спектр услуг в области семейной психотерапии, устранении панических атак, тренингов по детской психологии, проводит семинары по телесно-ориентированной терапии."
Справочник народной медицины.,http://addssites.com/page.php?id=26059,дата - 02.04.2012, рейтинг - 323,"Лекарственные растения были неотъемлемой частью древней практики здравоохранения на протяжении веков. Сегодня современная медицина признает, лекарственные травы, как альтернативные и дополнительные методы лечения для целого ряда условий."
Стоматология в Невском районе СПб.,http://addssites.com/page.php?id=24863,дата - 12.03.2012, рейтинг - 307,"Стоматология находится в Невском районе недалеко от м. Проспект Большевиков на ул. Чудновского, 10 лит. А (ТЦ `Чудный`). Мы предоставляем полный спектр стоматологических услуг."
"Болезни, заболевания,медицина.",http://addssites.com/page.php?id=24649,дата - 11.03.2012, рейтинг - 291,"Мы поможем вам держать себя в тонусе. Подскажем о распространенных заболеваниях, а также о методах их лечения. Вместе с нами, Вы всегда будете здоровы и полны энергии."
Лечение народными средствами,http://addssites.com/page.php?id=94089,дата - 01.01.2017, рейтинг - 277,"Лечение народными средствами. Самодиагностика организма по частям тела, моче, калу, походке и т.д. Заговоры для лечения людей и животных. Молитвы для детей. Приметы на все случаи жизни. Магия денег для улучшения своего благосостояния."
Лечение за рубежом.,http://addssites.com/page.php?id=25548,дата - 27.03.2012, рейтинг - 273,"Лечение за рубежом, в Германии: консультации, диагностика, химиотерапия, роды. Специализации: онкология, педиатрия, эндокринология, травматология, урология. Операции любого уровня сложности в клинике Гейдельберга. Водо и грязелечение на курортах."
Эксклюзивные омолаживающие продукты компании НПЦРИЗ.,http://addssites.com/page.php?id=25970,дата - 01.04.2012, рейтинг - 273,"Описание продукции НПЦРИЗ, пептидные биорегуляторы, пептидная косметика, бады, фиточаи. Привлечении партнеров в компанию НПЦРИЗ для покупки продукции Научно-Производственного Центра Ревитализации и Здоровья (НПЦРИЗ) и создания маркетингового бизнеса."
Здоровье женщины и мужчины.,http://addssites.com/page.php?id=155,дата - 21.02.2010, рейтинг - 272,"Тампоны для женщин. Как вылечить молочницу, эрозию, цистит? Как похудеть правильно? Где купить тампоны Beautiful Life, коктейль Гербалайф. Выбрать витамины, БАД? Начать правильное здоровое питание?"
Диагностический центр «ФИНИСТ».,http://addssites.com/page.php?id=11238,дата - 26.04.2010, рейтинг - 272,"В услуги центра входят: комплексная микробиологическая диагностика и определение аллергенов, диагностика заболеваний, вызванных паразитами и диагностика инфекций. Центр представляет более 100 видов исследований."
Посвящения в Рэйки первой и второй ступени. Георгий Толпин - Одесса.,http://addssites.com/page.php?id=396,дата - 26.04.2010, рейтинг - 265,"Посвящения первой и второй ступени вы можете получить у Мастера РЭЙКИ - из Одессы. Оздоровительная техника для тела и души.Мастер Рэйки из Одессы знакомит с секретами омоложения, счастья, удачи, огромного творческого потенциала и богатства."
Клиника рефлекторно-коррегирующей терапии.,http://addssites.com/page.php?id=23347,дата - 27.02.2012, рейтинг - 245,"Клиника рефлекторно-коррегирующей терапии предлагает своим пациентам лечение и профилактику различных заболеваний суставов, позвоночника, органов ЖКТ и хронических заболеваний. Мы поможем Вам излечиться от большинства известных недугов."
Портал о здоровом образе жизни.,http://addssites.com/page.php?id=11697,дата - 02.02.2010, рейтинг - 243,"Мы рады представить интернет ресурс посвященный медицине, здесь можно увидеть интересные материалы о медицинских терминах и другие статьи. На портале есть магазин со множеством тренажеров для здоровья, таких как беговые дорожки и прочие."
Наркологический центр Ренессанс,http://addssites.com/page.php?id=2036,дата - 09.10.2009, рейтинг - 240,"Комплексное лечение наркомании,   УНИКАЛЬНАЯ методика  реабилитационной работы с пациентами, полный комплекс наркологических услуг. Украина г.Киев  Диагностика употребления."
"Компания VIVASAN - успех, здоровье, молодость и красота!",http://addssites.com/page.php?id=11204,дата - 28.12.2010, рейтинг - 236,Компания VIVASAN представляет натуральные продукты на растительной основе из Швейцарии. Они благотворно влияют на общее состояние организма. А также компания VIVASAN дает Вам возможность высокодоходного бизнеса!
Товары для красоты и здоровья.,http://addssites.com/page.php?id=19989,дата - 15.06.2010, рейтинг - 235,"Он-лайн магазин, который продает продукты для красоты и здоровья. Все товары магазина имеют сертификат качества, поэтому любые товары приобретенные в нашем магазине принесут вам радость и удовольствие."
БМТ УА - медицинское оборудование.,http://addssites.com/page.php?id=24185,дата - 05.03.2012, рейтинг - 234,"БМТ УА - медицинское, фармацевтическое и лабораторное оборудование - Украина. Стерилизаторы, термостаты, хладотермостаты, инкубаторы (CO2), климатические и дезинфекционные камеры."
Бесплатные консультации врачей.,http://addssites.com/page.php?id=6563,дата - 18.04.2010, рейтинг - 230,Бесплатные медицинские консультации задайте ваш вопрос на сайте и в течении 15 минут вам перезвонит квалифицированный врач и проконсультирует вас по вашему вопросу.
Медицинский сайт о здоровье и красоте.,http://addssites.com/page.php?id=24479,дата - 09.03.2012, рейтинг - 230,"Веб-Сайт, где можно найти материалы о питании, красоте, здоровье, здоровом образе и др. На сайте также есть таблица калорийности подуктов питания и раздел онлайн игр."
Консультативный центр ДА ВИНЧИ.,http://addssites.com/page.php?id=11266,дата - 24.09.2009, рейтинг - 229,"Предлагается диагностика заболеваний стоп, таких как шишки, плоскостопие, натоптыши, применяется компьютерная диагностика стоп и квалифицированный подбор стелек. Центр Да Винчи"
Продукция Виналайт.,http://addssites.com/page.php?id=17995,дата - 15.04.2010, рейтинг - 228,"Компания Виналайт разрабатывает, производит и реализовывает продукцию средства личной гигиены нового поколения и представляет анионовые прокладки anion love moon, подгузники Winalite Babycare, SEM-card карту здоровья."
Мир глазами медицины.,http://addssites.com/page.php?id=2311,дата - 19.04.2010, рейтинг - 227,"Медицинский сайт представляет массу информации о заболеваниях. Тут можно найти свежую информацию о таких болезнях например, СПИД. Также Вы можете узнать подробную информацию о методах диагностики патологии матки."
Здоровый мир в твоих руках.,http://addssites.com/page.php?id=17977,дата - 24.03.2011, рейтинг - 226,"Масса интересной информации о том, как быть здоровым и красивым человеком и при этом иметь долгие и крепкие отношения! Сайт содержит огромное количество советов по уходу за волосами."
К красоте и здоровью через рациональное питание. Наша марка.,http://addssites.com/page.php?id=1949,дата - 24.01.2011, рейтинг - 225,В нашем интернет-магазине Наша Марка Вы найдете продукты рационального питания для восполнение дефицита витаминов и питательных веществ. Для профилактики заболеваний и повышения адаптационных возможностей организма в условиях экологической агрессии.
"Стоматологический кабинет - профилактика, ортопедия и хирургия",http://addssites.com/page.php?id=11082,дата - 21.12.2010, рейтинг - 220,"Stom20.ru - стоматологическая поликлиника - стоматологическая помощь, стоматологическая консультация, стоматологическая терапия и импланты vip-класса."
Как повысить свой иммунитет и профилактика инфекций.,http://addssites.com/page.php?id=15219,дата - 24.06.2011, рейтинг - 218,"Лечение хронических заболеваний требует слишком много сил и времени. Решение задачи - профилактика болезней, это во много раз результативнее и доступнее. Трансфер Фактор - натуральное средство поднять иммунитет и не вспоминать о болезнях."
"Дайджест статей на тему Виагры, Сиалис, Левитра и эректильной дисфункции (импотенция)",http://addssites.com/page.php?id=13421,дата - 16.08.2009, рейтинг - 215,"Большинство современных мужчин и женщин наверняка не раз сталкивались с таким явлением, как эректильная дисфункция (ее еще ненаучно называют импотенцией)."
Исцеление кристаллами воды.,http://addssites.com/page.php?id=8544,дата - 15.04.2010, рейтинг - 214,"Широкий ассортимент подставок и подносов Росинка, Бипирамид - Nanocomfort.ru. Росинка восстанавливает микрокристалическую структуру воды. Биокорректор защищает информационное поле человека."
"Реабилитационный центр Гиппократ небулайзер,",http://addssites.com/page.php?id=23893,дата - 03.03.2012, рейтинг - 214,"Восстановительный центр Гиппократ профилактика электролечением один из методов физиотерапии представляетСМТ-терапия. Снятие Электрокардиограмма, Цветотерапия, как идеальный метод улучшения физического и психического состояния."
Рейки и психология.,http://addssites.com/page.php?id=17968,дата - 20.04.2010, рейтинг - 212,"Сайт мастера учителя Рейки Вячеслава Шевелева. Обучение Рейки, форум, психологическое консультирование, тесты, тренинги. Настрои на открытие денежного канала, психической защиты, гармонизации семейных отношений."
"Врачи Череповца, терапия Череповца, информация на Здоровье35.Рф",http://addssites.com/page.php?id=8340,дата - 25.03.2011, рейтинг - 210,"Справочно-медицинский ресурс Здоровье35.Рф - это множество полезной информации: медицинские центры и частные врачебные кабинеты, поликлиники, стоматологии и частные стоматологические кабинеты и т.д. Подробности на сайте."
Тонгкат - лечение и профилактика.,http://addssites.com/page.php?id=3343,дата - 16.04.2010, рейтинг - 209,"Тонгкат - это оригинальное название азиатского растения, которое за его эффективность в плане решения мужских проблем получило название ""азиатской виагры"". Тонгкат помогает организму вырабатывать собственный тестостерон - гормон мужской молодости."
"Центр традиционной китайской медицины ""Дом здоровья"".",http://addssites.com/page.php?id=5111,дата - 15.04.2010, рейтинг - 209,"В нашем Центре применяется авторская методика лечения астмы, которая основана на материалах кандидатов наук о принципах лечения бронхиальной астмы. В Центре традиционной китайской медицины работают лучшие врачи."
"Семейные консультации психолога по вопросам НЛП, депрессии, алкоголизма",http://addssites.com/page.php?id=1750,дата - 19.12.2010, рейтинг - 208,Каталог предприятий Харькова.Справочник компаний и организаций Харькова. Харьковские Бизнес странички. Интернет магазины в Харькове. Цена в Харькове. Каталог цен. Сравнение предложений.
Информация о гепатите С.,http://addssites.com/page.php?id=23665,дата - 01.03.2012, рейтинг - 207,Что такое гепатит С? Как выглядит вирус гепатита С (HCV)? Как диагностируют гепатит С? Как лечат гепатит С? Как решить проблему с получением дорогостоящих препаратов для противовирусной терапии? Как жить с гепатитом С?
Диагностика вирусного гепатита В.,http://addssites.com/page.php?id=23644,дата - 01.03.2012, рейтинг - 207,"Сайт напоминает широко известные FAQи (Frequently Asked Questions) или, в вольном русском переводе, ЧаВо (Часто задаваемые Вопросы). Я не возражаю, если так его и обзовем на будущее: ГепФАК."
"Косметика , парфюмерия  , био добавки Dr. Nona International и Coral Club International .",http://addssites.com/page.php?id=13413,дата - 15.06.2009, рейтинг - 206,"Косметика, парфюмерия  Dr. Nona International и Coral Club International. Аппликаторы ""Ляпко"". Продукция компании Арго. Продукция компании БиоФит-клуб."
Информационно-справочная система Медун. Медицина Питера в любом мобильном.,http://addssites.com/page.php?id=5484,дата - 18.04.2010, рейтинг - 202,"Вся информация о медицинских и аптечных учрежедниях Петербурга доступна и с сотового телефона. Находясь в любой точке города Вы можете получить необходимые данные о местонахождении учреждений, препаратах в продаже, оказываемых услугах."
Едим-худеем-тренируемся.,http://addssites.com/page.php?id=20062,дата - 11.01.2011, рейтинг - 202,"Еда и здоровье. Снижение набор и контроль веса. Кожа, косметика. Сахарный диабет. Спорт любительский и профессиональный, методика тренировок, упражнения.  Шейпинг-диета. Питание спортсменов. Триатлон. Индивидуальные консультации."
Nu Skin.,http://addssites.com/page.php?id=7555,дата - 14.04.2010, рейтинг - 201,"Секреты молодости, красоты и здоровья. Тестирование состояния организма. Методики поддержания высокого жизненного тонуса, омоложения организма. Убирание киратом, устранение целлюлита, восстановление волос, комплексное омоложение"
Авторские медицинские услуги.,http://addssites.com/page.php?id=24414,дата - 09.03.2012, рейтинг - 201,Авторские медуслуги по контракту с гарантиями на платежи! Собственные научные разработки по нетрадиционной медицине. Евро-американские стандарты лечения традиционной медициной! Похудение от 1 кг. в сутки. Убедительная демонстрация.
Стоматология в Твери.,http://addssites.com/page.php?id=1850,дата - 18.04.2010, рейтинг - 200,"Оказываем все виды стоматологических услуг: лечение зубов, протезирование зубов, реставрацию зубов, удаление зубов, имплантацию зубов. Новейшее оборудование и методики лечения зубов. Высококвалифицированные врачи. Гибкая система скидок."
"Подготовка к родам, курсы для беременных занятия для беременных.",http://addssites.com/page.php?id=3949,дата - 27.04.2010, рейтинг - 199,Семейный центр Второе рождение - подготовка к долгожданным родам. Наши заботливые сотрудники помогут вам справиться с волнением. Также предлагаем массаж для грудничков.
Венгерский Медицинский Центр Дебреценского Научного Университета.,http://addssites.com/page.php?id=22780,дата - 15.02.2012, рейтинг - 199,Венгерский Медицинский Центр Дебреценского Научного Университета это: 35 специализированных Клиник и медицинских Центров; 6 Лабораторий; Воздушная эвакуация; Собственный университет. ISO 9001:2000.
Скакалка и бег в борьбе с лишним весом!,http://addssites.com/page.php?id=18351,дата - 08.05.2011, рейтинг - 198,Стройная и привлекательная-сайт для женщин. Всё о похудении и здоровом образе жизни и стремлении к совершенству. проверенная фитнес-программа избавления от лишних килограммов со скакалкой. Мифы о сжигании жира.
К здоровью и долголетию с природой Сибири.,http://addssites.com/page.php?id=24123,дата - 05.03.2012, рейтинг - 491,"Сайт консультанта корпорации Сибирское здоровье в Астрахани. Продукция для оздоровления и красоты из экологически чистого сырья Сибири, Алтая, о. Ольхон. Корпорация имеет собственное современное производство и научный центр."
Сертификационного центра «Мостест».,http://addssites.com/page.php?id=25848,дата - 01.04.2012, рейтинг - 367,"Сертификация - подтверждение соответствия продукции (процесса) требованиям нормативно-технической документации, осуществленное третьей стороной (аккредитованным органом по сертификации)."
Сайт офтальмолога Аскеровой Севиндж Мустаджабовны.,http://addssites.com/page.php?id=24654,дата - 11.03.2012, рейтинг - 348,"Сайт содержит информацию о специализации, профессиональных навыках, современных методах и технологиях терапевтического и хирургического лечения глазных заболеваний, а также эстетической и лечебной пластике глаза и лица."
"Массажные кровати ТераМакс, Акупунктура, Су Джок терапия.",http://addssites.com/page.php?id=103,дата - 01.12.2009, рейтинг - 345,"Наша компания предлагает массажные кровати ТераМакс - Theramax.Ru. Китайская Чжень-цзю терапия, массаж, аюрведа, прижигание, лечение природными камнями и минералами. Theramax.Ru"
Полное обследование организма.,http://addssites.com/page.php?id=22536,дата - 13.02.2012, рейтинг - 341,Полное обследование организма в Москве. Центр обследования здоровья предлагает Вам пройти полное обследование организма за 1 день методом Оберон диагностики здоровья.
Счастливое 11 - каждый найдет что-то для себя!,http://addssites.com/page.php?id=26317,дата - 05.04.2012, рейтинг - 337,"Наш сайт поможет вам разобраться в себе, найти те вещи, которые бы делали вашу жизнь интересней. Мы готовы выслушать все ваши вопросы и дать соответствующие советы. Будем очень благодарны за ваш интерес и внимание!"
Психологический Центр Интеграция.,http://addssites.com/page.php?id=24904,дата - 12.03.2012, рейтинг - 324,"Психологический Центр Интеграция, оказывает широкий спектр услуг в области семейной психотерапии, устранении панических атак, тренингов по детской психологии, проводит семинары по телесно-ориентированной терапии."
Справочник народной медицины.,http://addssites.com/page.php?id=26059,дата - 02.04.2012, рейтинг - 323,"Лекарственные растения были неотъемлемой частью древней практики здравоохранения на протяжении веков. Сегодня современная медицина признает, лекарственные травы, как альтернативные и дополнительные методы лечения для целого ряда условий."
Стоматология в Невском районе СПб.,http://addssites.com/page.php?id=24863,дата - 12.03.2012, рейтинг - 307,"Стоматология находится в Невском районе недалеко от м. Проспект Большевиков на ул. Чудновского, 10 лит. А (ТЦ `Чудный`). Мы предоставляем полный спектр стоматологических услуг."
"Болезни, заболевания,медицина.",http://addssites.com/page.php?id=24649,дата - 11.03.2012, рейтинг - 291,"Мы поможем вам держать себя в тонусе. Подскажем о распространенных заболеваниях, а также о методах их лечения. Вместе с нами, Вы всегда будете здоровы и полны энергии."
Лечение народными средствами,http://addssites.com/page.php?id=94089,дата - 01.01.2017, рейтинг - 277,"Лечение народными средствами. Самодиагностика организма по частям тела, моче, калу, походке и т.д. Заговоры для лечения людей и животных. Молитвы для детей. Приметы на все случаи жизни. Магия денег для улучшения своего благосостояния."
Лечение за рубежом.,http://addssites.com/page.php?id=25548,дата - 27.03.2012, рейтинг - 273,"Лечение за рубежом, в Германии: консультации, диагностика, химиотерапия, роды. Специализации: онкология, педиатрия, эндокринология, травматология, урология. Операции любого уровня сложности в клинике Гейдельберга. Водо и грязелечение на курортах."
Эксклюзивные омолаживающие продукты компании НПЦРИЗ.,http://addssites.com/page.php?id=25970,дата - 01.04.2012, рейтинг - 273,"Описание продукции НПЦРИЗ, пептидные биорегуляторы, пептидная косметика, бады, фиточаи. Привлечении партнеров в компанию НПЦРИЗ для покупки продукции Научно-Производственного Центра Ревитализации и Здоровья (НПЦРИЗ) и создания маркетингового бизнеса."
Здоровье женщины и мужчины.,http://addssites.com/page.php?id=155,дата - 21.02.2010, рейтинг - 272,"Тампоны для женщин. Как вылечить молочницу, эрозию, цистит? Как похудеть правильно? Где купить тампоны Beautiful Life, коктейль Гербалайф. Выбрать витамины, БАД? Начать правильное здоровое питание?"
Диагностический центр «ФИНИСТ».,http://addssites.com/page.php?id=11238,дата - 26.04.2010, рейтинг - 272,"В услуги центра входят: комплексная микробиологическая диагностика и определение аллергенов, диагностика заболеваний, вызванных паразитами и диагностика инфекций. Центр представляет более 100 видов исследований."
Посвящения в Рэйки первой и второй ступени. Георгий Толпин - Одесса.,http://addssites.com/page.php?id=396,дата - 26.04.2010, рейтинг - 265,"Посвящения первой и второй ступени вы можете получить у Мастера РЭЙКИ - из Одессы. Оздоровительная техника для тела и души.Мастер Рэйки из Одессы знакомит с секретами омоложения, счастья, удачи, огромного творческого потенциала и богатства."
Клиника рефлекторно-коррегирующей терапии.,http://addssites.com/page.php?id=23347,дата - 27.02.2012, рейтинг - 245,"Клиника рефлекторно-коррегирующей терапии предлагает своим пациентам лечение и профилактику различных заболеваний суставов, позвоночника, органов ЖКТ и хронических заболеваний. Мы поможем Вам излечиться от большинства известных недугов."
Портал о здоровом образе жизни.,http://addssites.com/page.php?id=11697,дата - 02.02.2010, рейтинг - 243,"Мы рады представить интернет ресурс посвященный медицине, здесь можно увидеть интересные материалы о медицинских терминах и другие статьи. На портале есть магазин со множеством тренажеров для здоровья, таких как беговые дорожки и прочие."
Наркологический центр Ренессанс,http://addssites.com/page.php?id=2036,дата - 09.10.2009, рейтинг - 240,"Комплексное лечение наркомании,   УНИКАЛЬНАЯ методика  реабилитационной работы с пациентами, полный комплекс наркологических услуг. Украина г.Киев  Диагностика употребления."
"Компания VIVASAN - успех, здоровье, молодость и красота!",http://addssites.com/page.php?id=11204,дата - 28.12.2010, рейтинг - 236,Компания VIVASAN представляет натуральные продукты на растительной основе из Швейцарии. Они благотворно влияют на общее состояние организма. А также компания VIVASAN дает Вам возможность высокодоходного бизнеса!
Товары для красоты и здоровья.,http://addssites.com/page.php?id=19989,дата - 15.06.2010, рейтинг - 235,"Он-лайн магазин, который продает продукты для красоты и здоровья. Все товары магазина имеют сертификат качества, поэтому любые товары приобретенные в нашем магазине принесут вам радость и удовольствие."
БМТ УА - медицинское оборудование.,http://addssites.com/page.php?id=24185,дата - 05.03.2012, рейтинг - 234,"БМТ УА - медицинское, фармацевтическое и лабораторное оборудование - Украина. Стерилизаторы, термостаты, хладотермостаты, инкубаторы (CO2), климатические и дезинфекционные камеры."
Бесплатные консультации врачей.,http://addssites.com/page.php?id=6563,дата - 18.04.2010, рейтинг - 230,Бесплатные медицинские консультации задайте ваш вопрос на сайте и в течении 15 минут вам перезвонит квалифицированный врач и проконсультирует вас по вашему вопросу.
Медицинский сайт о здоровье и красоте.,http://addssites.com/page.php?id=24479,дата - 09.03.2012, рейтинг - 230,"Веб-Сайт, где можно найти материалы о питании, красоте, здоровье, здоровом образе и др. На сайте также есть таблица калорийности подуктов питания и раздел онлайн игр."
Консультативный центр ДА ВИНЧИ.,http://addssites.com/page.php?id=11266,дата - 24.09.2009, рейтинг - 229,"Предлагается диагностика заболеваний стоп, таких как шишки, плоскостопие, натоптыши, применяется компьютерная диагностика стоп и квалифицированный подбор стелек. Центр Да Винчи"
Продукция Виналайт.,http://addssites.com/page.php?id=17995,дата - 15.04.2010, рейтинг - 228,"Компания Виналайт разрабатывает, производит и реализовывает продукцию средства личной гигиены нового поколения и представляет анионовые прокладки anion love moon, подгузники Winalite Babycare, SEM-card карту здоровья."
Мир глазами медицины.,http://addssites.com/page.php?id=2311,дата - 19.04.2010, рейтинг - 227,"Медицинский сайт представляет массу информации о заболеваниях. Тут можно найти свежую информацию о таких болезнях например, СПИД. Также Вы можете узнать подробную информацию о методах диагностики патологии матки."
Здоровый мир в твоих руках.,http://addssites.com/page.php?id=17977,дата - 24.03.2011, рейтинг - 226,"Масса интересной информации о том, как быть здоровым и красивым человеком и при этом иметь долгие и крепкие отношения! Сайт содержит огромное количество советов по уходу за волосами."
К красоте и здоровью через рациональное питание. Наша марка.,http://addssites.com/page.php?id=1949,дата - 24.01.2011, рейтинг - 225,В нашем интернет-магазине Наша Марка Вы найдете продукты рационального питания для восполнение дефицита витаминов и питательных веществ. Для профилактики заболеваний и повышения адаптационных возможностей организма в условиях экологической агрессии.
"Стоматологический кабинет - профилактика, ортопедия и хирургия",http://addssites.com/page.php?id=11082,дата - 21.12.2010, рейтинг - 220,"Stom20.ru - стоматологическая поликлиника - стоматологическая помощь, стоматологическая консультация, стоматологическая терапия и импланты vip-класса."
Как повысить свой иммунитет и профилактика инфекций.,http://addssites.com/page.php?id=15219,дата - 24.06.2011, рейтинг - 218,"Лечение хронических заболеваний требует слишком много сил и времени. Решение задачи - профилактика болезней, это во много раз результативнее и доступнее. Трансфер Фактор - натуральное средство поднять иммунитет и не вспоминать о болезнях."
"Дайджест статей на тему Виагры, Сиалис, Левитра и эректильной дисфункции (импотенция)",http://addssites.com/page.php?id=13421,дата - 16.08.2009, рейтинг - 215,"Большинство современных мужчин и женщин наверняка не раз сталкивались с таким явлением, как эректильная дисфункция (ее еще ненаучно называют импотенцией)."
Исцеление кристаллами воды.,http://addssites.com/page.php?id=8544,дата - 15.04.2010, рейтинг - 214,"Широкий ассортимент подставок и подносов Росинка, Бипирамид - Nanocomfort.ru. Росинка восстанавливает микрокристалическую структуру воды. Биокорректор защищает информационное поле человека."
"Реабилитационный центр Гиппократ небулайзер,",http://addssites.com/page.php?id=23893,дата - 03.03.2012, рейтинг - 214,"Восстановительный центр Гиппократ профилактика электролечением один из методов физиотерапии представляетСМТ-терапия. Снятие Электрокардиограмма, Цветотерапия, как идеальный метод улучшения физического и психического состояния."
Рейки и психология.,http://addssites.com/page.php?id=17968,дата - 20.04.2010, рейтинг - 212,"Сайт мастера учителя Рейки Вячеслава Шевелева. Обучение Рейки, форум, психологическое консультирование, тесты, тренинги. Настрои на открытие денежного канала, психической защиты, гармонизации семейных отношений."
"Врачи Череповца, терапия Череповца, информация на Здоровье35.Рф",http://addssites.com/page.php?id=8340,дата - 25.03.2011, рейтинг - 210,"Справочно-медицинский ресурс Здоровье35.Рф - это множество полезной информации: медицинские центры и частные врачебные кабинеты, поликлиники, стоматологии и частные стоматологические кабинеты и т.д. Подробности на сайте."
Тонгкат - лечение и профилактика.,http://addssites.com/page.php?id=3343,дата - 16.04.2010, рейтинг - 209,"Тонгкат - это оригинальное название азиатского растения, которое за его эффективность в плане решения мужских проблем получило название ""азиатской виагры"". Тонгкат помогает организму вырабатывать собственный тестостерон - гормон мужской молодости."
"Центр традиционной китайской медицины ""Дом здоровья"".",http://addssites.com/page.php?id=5111,дата - 15.04.2010, рейтинг - 209,"В нашем Центре применяется авторская методика лечения астмы, которая основана на материалах кандидатов наук о принципах лечения бронхиальной астмы. В Центре традиционной китайской медицины работают лучшие врачи."
"Семейные консультации психолога по вопросам НЛП, депрессии, алкоголизма",http://addssites.com/page.php?id=1750,дата - 19.12.2010, рейтинг - 208,Каталог предприятий Харькова.Справочник компаний и организаций Харькова. Харьковские Бизнес странички. Интернет магазины в Харькове. Цена в Харькове. Каталог цен. Сравнение предложений.
Информация о гепатите С.,http://addssites.com/page.php?id=23665,дата - 01.03.2012, рейтинг - 207,Что такое гепатит С? Как выглядит вирус гепатита С (HCV)? Как диагностируют гепатит С? Как лечат гепатит С? Как решить проблему с получением дорогостоящих препаратов для противовирусной терапии? Как жить с гепатитом С?
Диагностика вирусного гепатита В.,http://addssites.com/page.php?id=23644,дата - 01.03.2012, рейтинг - 207,"Сайт напоминает широко известные FAQи (Frequently Asked Questions) или, в вольном русском переводе, ЧаВо (Часто задаваемые Вопросы). Я не возражаю, если так его и обзовем на будущее: ГепФАК."
"Косметика , парфюмерия  , био добавки Dr. Nona International и Coral Club International .",http://addssites.com/page.php?id=13413,дата - 15.06.2009, рейтинг - 206,"Косметика, парфюмерия  Dr. Nona International и Coral Club International. Аппликаторы ""Ляпко"". Продукция компании Арго. Продукция компании БиоФит-клуб."
Информационно-справочная система Медун. Медицина Питера в любом мобильном.,http://addssites.com/page.php?id=5484,дата - 18.04.2010, рейтинг - 202,"Вся информация о медицинских и аптечных учрежедниях Петербурга доступна и с сотового телефона. Находясь в любой точке города Вы можете получить необходимые данные о местонахождении учреждений, препаратах в продаже, оказываемых услугах."
Едим-худеем-тренируемся.,http://addssites.com/page.php?id=20062,дата - 11.01.2011, рейтинг - 202,"Еда и здоровье. Снижение набор и контроль веса. Кожа, косметика. Сахарный диабет. Спорт любительский и профессиональный, методика тренировок, упражнения.  Шейпинг-диета. Питание спортсменов. Триатлон. Индивидуальные консультации."
Nu Skin.,http://addssites.com/page.php?id=7555,дата - 14.04.2010, рейтинг - 201,"Секреты молодости, красоты и здоровья. Тестирование состояния организма. Методики поддержания высокого жизненного тонуса, омоложения организма. Убирание киратом, устранение целлюлита, восстановление волос, комплексное омоложение"
Авторские медицинские услуги.,http://addssites.com/page.php?id=24414,дата - 09.03.2012, рейтинг - 201,Авторские медуслуги по контракту с гарантиями на платежи! Собственные научные разработки по нетрадиционной медицине. Евро-американские стандарты лечения традиционной медициной! Похудение от 1 кг. в сутки. Убедительная демонстрация.
Стоматология в Твери.,http://addssites.com/page.php?id=1850,дата - 18.04.2010, рейтинг - 200,"Оказываем все виды стоматологических услуг: лечение зубов, протезирование зубов, реставрацию зубов, удаление зубов, имплантацию зубов. Новейшее оборудование и методики лечения зубов. Высококвалифицированные врачи. Гибкая система скидок."
"Подготовка к родам, курсы для беременных занятия для беременных.",http://addssites.com/page.php?id=3949,дата - 27.04.2010, рейтинг - 199,Семейный центр Второе рождение - подготовка к долгожданным родам. Наши заботливые сотрудники помогут вам справиться с волнением. Также предлагаем массаж для грудничков.
Венгерский Медицинский Центр Дебреценского Научного Университета.,http://addssites.com/page.php?id=22780,дата - 15.02.2012, рейтинг - 199,Венгерский Медицинский Центр Дебреценского Научного Университета это: 35 специализированных Клиник и медицинских Центров; 6 Лабораторий; Воздушная эвакуация; Собственный университет. ISO 9001:2000.
Скакалка и бег в борьбе с лишним весом!,http://addssites.com/page.php?id=18351,дата - 08.05.2011, рейтинг - 198,Стройная и привлекательная-сайт для женщин. Всё о похудении и здоровом образе жизни и стремлении к совершенству. проверенная фитнес-программа избавления от лишних килограммов со скакалкой. Мифы о сжигании жира.
