Гратен де ригатоне аль рагу - запеканка из макарон с мясом на испанский лад - Тривалість: 8 хвилин і 56 секунд.,/watch?v=CestvVUKYz4
Колбаски туристские сырокопченые по ГОСТ 16131 своими руками - Тривалість: 12 хвилин.,/watch?v=UIZyTmub0OU
Курица по Хестону и бутер размером с руку? Ну не знааааю!.. - Тривалість: 7 хвилин і 28 секунд.,/watch?v=3yRafGIftjs
Кролик по-канарски Conejo en salmorejo - Тривалість: 11 хвилин.,/watch?v=FHCY4wvPEAQ
Sartenada - испанская классика  - СКОВОРОДНИЦА - Тривалість: 5 хвилин і 43 секунди.,/watch?v=0DUkcvf6W5Y
Куриная печеночная колбаса. Почти ливерная. Просто и очень вкусно! - Тривалість: 7 хвилин і 1 секунда.,/watch?v=3LvCo5pg7YA
Салат с сыровяленой утиной грудкой. Перезалив - Тривалість: 8 хвилин і 48 секунд.,/watch?v=aBYbEKpvhb0
ЗАВТРАК за 3 минуты из простых ингредиентов. На любой вкус - Тривалість: 3 хвилини і 38 секунд.,/watch?v=Our33N-rdvs
"Чёрт. Морской. А ля бискаин. Он же - RAPE (англ. ""насиловать"") - Тривалість: 9 хвилин і 1 секунда.",/watch?v=9OHpGhYaCuw
Эчпочмак татарский. С картошкой и мясом. Перезалив. - Тривалість: 10 хвилин.,/watch?v=9vmifZlIR1c
ПЛОВ узбекский на живом огне с АЙВОЙ. Хайпанём? - Тривалість: 15 хвилин.,/watch?v=mno625vn-eU
НЕЖНЕЙШАЯ семга в маринаде - Тривалість: 8 хвилин і 11 секунд.,/watch?v=ZCapVRm0TtA
МОЩНАЯ чесночно-перечная ПАСТРОМА по ГОСТ-18256 - Тривалість: 7 хвилин і 49 секунд.,/watch?v=eiLwPK2ctKk
ГИННЕСС. Пирог с ПИВОМ. Умопомрачительно вкусно! - Тривалість: 8 хвилин і 33 секунди.,/watch?v=jSDsrsweSJc
Сочники творожные - проще чем вы думаете! - Тривалість: 6 хвилин і 39 секунд.,/watch?v=6EYnj6TsALY
Не очень быстрый завтрак - бокадийя с домашней чорризо - Тривалість: 7 хвилин і 58 секунд.,/watch?v=wpYKvBnObqU
С новым годом!!! Приготовьте ТРИ ПРОСТЫХ закуски на новогодний стол! - Тривалість: 7 хвилин і 5 секунд.,/watch?v=1KDT6knql6k
Новогодний рецепт - запеченная свинина в беконе с инжиром и грушами - Тривалість: 10 хвилин.,/watch?v=4WmNJEmCHb8
Может быть вместо селедки под шубой попробуете такой САЛАТ на новогодний стол? - Тривалість: 4 хвилини і 46 секунд.,/watch?v=KqY08SKt82I
"Вы прожили этот год зря, если не попробуете энчилады ПО-ВЗРОСЛОМУ!!! БОМБИЧЕСКИЙ РЕЦЕПТ!!! - Тривалість: 10 хвилин.",/watch?v=LB89IVQcFfY
Энчиладас - значит EN CHILADA - В ЧИЛИ СОУСЕ! - Тривалість: 10 хвилин.,/watch?v=eHFtwfc-aAY
"Не просто макарошки с сыром, а MAC&CHEESE - Тривалість: 7 хвилин і 22 секунди.",/watch?v=0e0u1ZasnXo
Не совсем испанская кухня - buñuelos de bacalao con salsa agripicante - Тривалість: 7 хвилин і 5 секунд.,/watch?v=3kZJvLz8msU
Готовим дома соус ткемали и свиные ребра. Рецепт - ЧУМА! - Тривалість: 9 хвилин і 12 секунд.,/watch?v=culuvd1eNBQ
ОЧЕНЬ СТРАННЫЕ бутерброды - Тривалість: 9 хвилин і 35 секунд.,/watch?v=OO2pDBa7bUQ
Борщ с уткой. ОЧЕНЬ! и конкурс - Тривалість: 7 хвилин і 12 секунд.,/watch?v=OupD3IyG3NM
ЧЕСТНЫЕ камберлендские колбаски. НИКАКИХ КОМПРОМИССОВ! - Тривалість: 7 хвилин і 26 секунд.,/watch?v=CL8QO4gJ0GA
Чем ЕЩЁ закусывать пиво? Испанский тапас - Тривалість: 11 хвилин.,/watch?v=ZyCERoa7ZPM
Шесть вариантов закусок к пивному столу! Испанские тапас - Тривалість: 16 хвилин.,/watch?v=bCZ49q0Mt6M
"Филе о фиш, как его видят французы - Тривалість: 8 хвилин і 41 секунда.",/watch?v=rMC-Kid3ovY
Вниманию охотников и сочувствующих! Перепелки! - Тривалість: 9 хвилин і 56 секунд.,/watch?v=Bclu6LcTkxY
Нет хлеба? Пусть едят бриоши! - Тривалість: 10 хвилин.,/watch?v=cHUEimxfVMI
Лангеты  (язычки) - Тривалість: 7 хвилин і 49 секунд.,/watch?v=pTB7FfYYFKI
Отчего имам баялды? - Тривалість: 8 хвилин і 8 секунд.,/watch?v=M0cNPqc5aXI
Самые вкусные расстегаи в истории! - Тривалість: 18 хвилин.,/watch?v=RcwuhwfjOAs
Канелони с мясным соусом и бешамелем - Тривалість: 10 хвилин.,/watch?v=SEfq1jTlMg0
Зачем везти в Испанию казы? - Тривалість: 14 хвилин.,/watch?v=CPL7uFra7P4
Что у латышей в горшочке? - Тривалість: 7 хвилин і 28 секунд.,/watch?v=B3UdFVjOS_E
Медовик и СКИДКИ в 25% и конкурс!!! - Тривалість: 13 хвилин.,/watch?v=KEXPz8JKwDY
Что бы такого приготовить из индейки? - Тривалість: 10 хвилин.,/watch?v=FGrksL7lbwg
Заливной пирог со сливами и вкуснямбами - Тривалість: 8 хвилин і 51 секунда.,/watch?v=Ub6b5Qecue4
"Щи богатые, томленые - Тривалість: 7 хвилин і 55 секунд.",/watch?v=Vt2S0U3fWS8
Куриная лапша - Тривалість: 6 хвилин і 32 секунди.,/watch?v=IpFFbDbkzNE
"Ирландское рагу ""по-богатому"" - Тривалість: 6 хвилин і 35 секунд.",/watch?v=XXnMf03jHJ8
Губит людей не пиво. Варим white beer c Игорем - Тривалість: 36 хвилин.,/watch?v=liKOXItamp0
"А стоит ли вообще брать еду в ""доставках""? - Тривалість: 10 хвилин.",/watch?v=AeaOSNkroqA
Full english breakfast - Тривалість: 8 хвилин і 20 секунд.,/watch?v=pBuPyysf_Rk
Суп пити. В горшочках - Тривалість: 8 хвилин і 21 секунда.,/watch?v=EcIP7yW-WwU
Немецкие колбаски гриль с горчицей и кислой капустой - Тривалість: 7 хвилин і 30 секунд.,/watch?v=XYot7aERHNU
Что едят/как празднуют испанцы San Juan - Тривалість: 7 хвилин і 20 секунд.,/watch?v=v3vpGGHzqt0
Корзинки из фило на гриле - супер закуска вместо надоевших шашлыков - Тривалість: 9 хвилин і 41 секунда.,/watch?v=Lf_W0_ahnLQ
Почти крабсбургер - Тривалість: 7 хвилин і 51 секунда.,/watch?v=o5Tvl_eYMdg
Сулваки - греческие шашлыки - ЧЕТЫРЕ ВАРИАНТА - Тривалість: 12 хвилин.,/watch?v=wtKSMnyH1mE
Екатеринбургский горшочек - Тривалість: 12 хвилин.,/watch?v=4nfSos45ptE
Брауншвейгская по ЗЕВСу. Какая колбаса ВКУСНЕЙ? - Тривалість: 14 хвилин.,/watch?v=9I-blow06Xs
Брауншвейгская колбаса по ГОСТ 16131 своими руками - Тривалість: 18 хвилин.,/watch?v=bFHxuIrLgBw
Жаркое в горшочках - ОЧЕНЬ ПРОСТО - Тривалість: 5 хвилин і 51 секунда.,/watch?v=FgPOAVc5Zmg
Долма с гранатовыми зернами - Тривалість: 10 хвилин.,/watch?v=ccdIPVcQPrA
Чанахи. Грузинская кухня - Тривалість: 6 хвилин і 21 секунда.,/watch?v=xVFNCAhs6K0
Свинина на китайский манер - Тривалість: 10 хвилин.,/watch?v=wzlRssIxZ5U
Мармитако - что бы это значило? - Тривалість: 9 хвилин і 16 секунд.,/watch?v=k6mwC5RZ_rg
Плов азербайджанский - откидной - Тривалість: 14 хвилин.,/watch?v=fGxCSQJMaLY
Омар или все таки лобстер? ОЧЕНЬ простой рецепт. Bogavante al horno con mantequilla - Тривалість: 7 хвилин і 40 секунд.,/watch?v=w9ZsXbPk75c
Пшенично-ржаной хлеб - Тривалість: 10 хвилин.,/watch?v=hNxgc1ZGOTQ
Каша тихвинская совершенно чумовая! - Тривалість: 5 хвилин і 35 секунд.,/watch?v=8E8NcBr2Klg
Рыба + картошка = мировая штука! - Тривалість: 7 хвилин.,/watch?v=f0RTnIpSWKQ
Мясо в пепле - Тривалість: 8 хвилин і 37 секунд.,/watch?v=tzmN2mUNYM8
Паста с грибами и вялеными томатами - время приготовления - полгода + 10 минут - Тривалість: 7 хвилин і 35 секунд.,/watch?v=LQwbbmNzw-Y
Буйабес - марсельская уха - Тривалість: 14 хвилин.,/watch?v=7qe_JaXwyKE
Шоколадные конфеты по мотивам рецепта бельгийского шефа - ЧУМА! - Тривалість: 16 хвилин.,/watch?v=LxqO-SAb_LY
Гриль + баранина = хот доги - Тривалість: 12 хвилин.,/watch?v=UipFSSwcLYA
"Пирог ""Прощай талия!"" - Тривалість: 9 хвилин і 50 секунд.",/watch?v=PjKGRk0AyxA
Нажористый грибной супец БЕЗ САЛЬМОНЕЛЛЫ - Тривалість: 9 хвилин і 16 секунд.,/watch?v=ceYkS51E8SE
ВКУСНЫЕ энергетические батончики. ПОЛЕЗНЫЕ - Тривалість: 5 хвилин і 52 секунди.,/watch?v=s4zOA_JFgl4
Пицца на РЕАЛЬНО ТОЛСТОЙ лепешке - Тривалість: 16 хвилин.,/watch?v=-FcwTuJNhYA
"Достопримечательности Валенсии - что смотреть, где остановиться, куда поехать - Тривалість: 14 хвилин.",/watch?v=mJaJg-zIHnk
Окорок воронежский вареный. Смело рекомендую рецепт к повторению! - Тривалість: 12 хвилин.,/watch?v=V49dIi4CCvI
Коптильня ГОРЯЧЕГО и ХОЛОДНОГО копчения с регулятором температуры своими руками. - Тривалість: 7 хвилин і 39 секунд.,/watch?v=fm6liwJuUUk
Пропал Калабуховский дом. Fresco замахнулся на святое! Корпусные конфеты. - Тривалість: 20 хвилин.,/watch?v=nNSDNQamBFQ
Охотничьи байки с колбасками - Тривалість: 13 хвилин.,/watch?v=r2vED9R5g6E
Сыровяленая салями милано - дома - Тривалість: 26 хвилин.,/watch?v=eeXQ8a_pYAc
Крафтовое пиво - дегустация с пивоваром - Тривалість: 28 хвилин.,/watch?v=drXMdmm0Q9A
Бутифарра - немного традиционной Испании - Тривалість: 14 хвилин.,/watch?v=38AKP2S7NAg
Говядина в апельсинах - Тривалість: 11 хвилин.,/watch?v=xfHg5TafaoE
"МЯСО, две железные палки и костёр = АРГЕНТИНСКОЕ АСАДО - Тривалість: 11 хвилин.",/watch?v=nDj2pOyA8Ho
"Картофельные драники и свиная вырезка с сырным соусом. Еда, для тех кто в теме! - Тривалість: 10 хвилин.",/watch?v=3IiQbkgMfa8
Стейки по методу reverse sear - СУПЕР результат БЕЗ СУВИДА - Тривалість: 14 хвилин.,/watch?v=R4DzI07GyNQ
Баранина с черносливом и миндалем. Практически десерт! - Тривалість: 9 хвилин і 12 секунд.,/watch?v=s9P9t7EviKg
"Сардельки такие, как НАДО! - Тривалість: 21 хвилина.",/watch?v=enZNm31nYO8
Манты с рыбой. Вкусней чем с мясом!!! - Тривалість: 12 хвилин.,/watch?v=V5FLiG-C2PA
Пасхальная баба (почти кулич) с пропиткой. Неувядающая классика. - Тривалість: 13 хвилин.,/watch?v=ONnpuMTRPRg
"Игорь - ""Кухня Дель Норте"" - интервью - Тривалість: 36 хвилин.",/watch?v=ciQlDD_8ITc
Язык варено-копченый. Сувид - ВЕЩЬ! - Тривалість: 13 хвилин.,/watch?v=_yv_fR34WAY
Креветки в пальто - Gambas a la gabardina - Тривалість: 13 хвилин.,/watch?v=LQxGn8xI5So
Тефтели с грибным велюте. Из индейки - Тривалість: 14 хвилин.,/watch?v=5OOmhLWBndc
Мясной хлеб. Просто МЯСНОЙ ХЛЕБ - Тривалість: 13 хвилин.,/watch?v=R24IKFBSIgo
Чумовая рулька за час с четвертью! И соус. Для худеющих ) - Тривалість: 14 хвилин.,/watch?v=B7CKbysQLe8
СРОЧНОЕ объявление! только не напрягайтесь так )) Всё нормально! - Тривалість: 28 секунд.,/watch?v=vWmJ1gP8TIM
Свежий и состаренный стейк. Сравним? - Тривалість: 16 хвилин.,/watch?v=lpl5o3SHtS4
Утиная грудка и чумовой соус. Даже два соуса. - Тривалість: 10 хвилин.,/watch?v=eKnuHHZCBlE
Свинина в винно-медовом соусе - Тривалість: 10 хвилин.,/watch?v=CkYaGO1aHWo
Готовимся к 8 марта - ягодный мусс и зеркальный гляссаж - Тривалість: 25 хвилин.,/watch?v=vX4TygBZK3s
Что приготовить из куриной грудки? Рулет кордон блю! - Тривалість: 12 хвилин.,/watch?v=WMzNcCHhhQ4
Хала - ОЧЕНЬ вкусный хлеб. Надо готовить! - Тривалість: 10 хвилин.,/watch?v=TgBiEGVR1tI
Кардамон и печенье - созданы друг для друга - Тривалість: 9 хвилин і 24 секунди.,/watch?v=-zHoZ1ME7-0
Ветчина из мраморной говядины? Да он с ума сошел! - Тривалість: 15 хвилин.,/watch?v=1Wmaju4MIhE
Чорризо сыровяленная ГОТОВА! Что с ней делать? - Тривалість: 9 хвилин і 33 секунди.,/watch?v=akaVs8Dcaxg
Римские булочки на закваске - чириолы - Тривалість: 12 хвилин.,/watch?v=5jzhMiAYrv0
Фиш энд чипс - рыба в кляре и картошка во фритюре - Тривалість: 10 хвилин.,/watch?v=bxr5rkU6PJg
Чикен-карри от обыспанившихся англичан - Тривалість: 13 хвилин.,/watch?v=AdeYl1jRfX4
Чумовая чорризо fresco от Дмитрия Фреско - это просто! - Тривалість: 17 хвилин.,/watch?v=VBi0yMjWJKQ
Секреты иберийских свиней - secreto de cerdo - Тривалість: 13 хвилин.,/watch?v=z4d9T1JtAWE
Закуска - ураган! Крокеты. Для сохранения нервов уберите подальше весы! - Тривалість: 17 хвилин.,/watch?v=fqyjFqRVMBY
"Шахматная ветчина - Это фиаско, братан! - Тривалість: 16 хвилин.",/watch?v=-RHoHtl2oXw
Ни рыба - ни мясо! Кальмар. Фаршированный. - Тривалість: 14 хвилин.,/watch?v=jSK2agRbFC8
Курица с лимоном для тех у кого СЛИШКОМ довольная физиономия - Тривалість: 10 хвилин.,/watch?v=9veHL-loVJw
Монтадитос - бутерброды. - Тривалість: 6 хвилин і 32 секунди.,/watch?v=cPewMb2EmLk
Какой чизкейк вкусней? ДВА рецепта - Тривалість: 25 хвилин.,/watch?v=nsDGssZre8s
Окорок тамбовский копчено-вареный. Эпичный рецепт. - Тривалість: 31 хвилина.,/watch?v=Rq2oTf2hUtw
С новым годом! - Тривалість: 2 хвилини і 46 секунд.,/watch?v=-sT3EOd0GUA
САМЫЙ настоящий оливье - Тривалість: 16 хвилин.,/watch?v=cINy84DyESU
Поросёнок. Но не Пятачок - Тривалість: 13 хвилин.,/watch?v=8IZ3IfFBrHM
Язык варено-копченый. Нарезка на новогодний стол - Тривалість: 17 хвилин.,/watch?v=n_fl8cWCsGQ
Кролик? Кролик! - Тривалість: 11 хвилин.,/watch?v=8Spsqyo6xRk
"Котлета на косточке, груши и ПИВНОЙ соус - Тривалість: 11 хвилин.",/watch?v=CBi5P4HZqvA
Вителло тонато – холодная закуска на праздничный стол - Тривалість: 9 хвилин і 54 секунди.,/watch?v=Lcy84ySuRgQ
Куриные крылышки с острым соусом и не только - Тривалість: 14 хвилин.,/watch?v=7eLblqXf2i8
Пряная говядина. Ветчина в пряной обсыпке - Тривалість: 11 хвилин.,/watch?v=r0Qf2H3XbAw
Закуска к новогоднему столу. Баклажаны - Тривалість: 9 хвилин і 4 секунди.,/watch?v=WWqCt4JfRa8
Овощной пирог с МЯСОМ! - Тривалість: 11 хвилин.,/watch?v=8yx-B_WmsTw
Чем кормят в тапас барах? - Тривалість: 12 хвилин.,/watch?v=iAnmjnowLWw
Мюнхенские колбаски. Белые. БЕЗ НИТРИТА НАТРИЯ - Тривалість: 12 хвилин.,/watch?v=CGtHgMoCKOc
Эстофадо из морского коктейля? Почему бы и нет! - Тривалість: 12 хвилин.,/watch?v=0ToUNTh36To
Porchetta - просто ШМАТ свинины. Большой шмат. - Тривалість: 9 хвилин і 53 секунди.,/watch?v=pZD0KzuXKhI
РАССЫПЧАТЫЙ кекс и сливочный соус. Надо б(ж)рать! - Тривалість: 13 хвилин.,/watch?v=VqxT9_ndqUA
Котлеты рыбные с ПОДВЫПОДВЕРТОМ - Тривалість: 10 хвилин.,/watch?v=bAgKQKVYfTg
"Идеи для завтрака, обеда и ужина. Испанская тортилья. - Тривалість: 10 хвилин.",/watch?v=4UrDeX9Kj-I
Крем БРЮЛЕ - он же CREMA CATALANA - проще чем вы думаете! - Тривалість: 7 хвилин і 44 секунди.,/watch?v=5Ul1xdK0Pxo
"Тест коптильни KOPTIL. Холодное копчение семги, трески и скумбрии. - Тривалість: 27 хвилин.",/watch?v=B_DtXdpn67g
Салаты из - Тривалість: 18 хвилин.,/watch?v=ifc_viNSsN8
BARQUITAS??? Дык это ж лодочки!!! Псевдомексика - Тривалість: 10 хвилин.,/watch?v=QATtnWpayZQ
НЕнастоящие спрингроллы и ТРИ соуса - Тривалість: 10 хвилин.,/watch?v=_lW0LYGWNvQ
"Тёплый салат с чорризо! Чё, правда?! - Тривалість: 6 хвилин і 36 секунд.",/watch?v=RzdiQXewkEY
Фахитас или фахитос?! Давайте разбираться! - Тривалість: 9 хвилин і 47 секунд.,/watch?v=C9_2ElYuijk
Миндальный торт. Испанский. Tarta de Santiago - Тривалість: 8 хвилин і 21 секунда.,/watch?v=6CgerHCCZ8o
Надоела картошка? Добавь бешамель с креветками и получи зразы!!! - Тривалість: 9 хвилин і 6 секунд.,/watch?v=GI4ZFdYv2Ok
Пончики берлинеры с джемом - прощай талия! - Тривалість: 14 хвилин.,/watch?v=gSngreasrqU
Arroz caldoso de marisco - рис и рыба - Тривалість: 15 хвилин.,/watch?v=IOiSJ3SZvBs
Объявление результатов конкурса! - Тривалість: 3 хвилини і 49 секунд.,/watch?v=YPNeJb1jcWk
"Всё, что вы хотели узнать про заточку ножей! Или не всё? - Тривалість: 9 хвилин і 27 секунд.",/watch?v=FI5DvYjaLfM
Камбала в дровяной печи - или в духовке - Тривалість: 8 хвилин і 15 секунд.,/watch?v=LoBe_VHfMm0
Осьминог на гриле - это НАДО ПРОБОВАТЬ! - Тривалість: 11 хвилин.,/watch?v=hB-a4Jx-hMg
Мерлуза (хек) с томатами и КОНКУРС!!! - Тривалість: 9 хвилин і 57 секунд.,/watch?v=zKSowx4rsfk
Интервью с Володей. Как снять жилье в Испании ДЁШЕВО! - Тривалість: 24 хвилини.,/watch?v=35fq1jOBWb4
Свиные рёбрышки на гриле - ОЧЕНЬ ТЕХНОЛОГИЧНЫЙ рецепт - Тривалість: 12 хвилин.,/watch?v=13Fcao5hIWQ
Песто россо и паста. Немного Италии в твоей тарелке - Тривалість: 9 хвилин і 18 секунд.,/watch?v=zxT3KLFtj3c
ОЧЕНЬ ПРОСТОЙ сыровял - Тривалість: 13 хвилин.,/watch?v=G4gxf3QTpGI
Suquet de pescado – испанская классика из насильника - Тривалість: 13 хвилин.,/watch?v=14fwx1NPxjI
Сибас на гриле с классной начинкой - Тривалість: 12 хвилин.,/watch?v=Bb40s1bJIg0
"Люля-кебаб - Мясорубка, блендер или топорики? В чем суть? - Тривалість: 23 хвилини.",/watch?v=DEn9q92ax9A
Очень быстрый завтрак. ТРИ варианта - Тривалість: 14 хвилин.,/watch?v=zeKL-2s-i98
Свинина на гриле ОЧЕНЬ сочная - Тривалість: 19 хвилин.,/watch?v=SzUvlOMBeUs
Паста с сардинами. Обед за 10 минут. Немного Испании - Тривалість: 7 хвилин і 55 секунд.,/watch?v=GLgPPN_zABU
Курица гриль. А так ли нужен weber? - Тривалість: 11 хвилин.,/watch?v=JaU7_KsBwaA
Макароны с сосисками? НЕТ! Паста с кумберлендскими колбасками! - Тривалість: 13 хвилин.,/watch?v=XYHCU-yhOsc
Ананас на гриле - чума! - Тривалість: 6 хвилин і 1 секунда.,/watch?v=k4JfLw8zrjs
Кекс аутентичный из Куманского халифата - Тривалість: 11 хвилин.,/watch?v=t-A5YbTtcrk
Tacos - ТРИ варианта. Мексиканская кухня - Тривалість: 14 хвилин.,/watch?v=i2cNPfDrw0s
Докторская колбаса в домашних условиях по ГОСТ 23670-79 - Тривалість: 17 хвилин.,/watch?v=cJhBvvlzm4k
Кесадилья с курицей на гриле. Мексиканская кухня - Тривалість: 13 хвилин.,/watch?v=vnPWXvJTZaE
Sandwich cubano в домашних условиях - Тривалість: 12 хвилин.,/watch?v=hTMW9JOzP_Y
Ответы на вопросы - Тривалість: 1 година і 5 хвилин.,/watch?v=cAhJkTgh_78
Паэлья негра c ЧЁРТОМ и каракатицей. Классическая. - Тривалість: 20 хвилин.,/watch?v=6BLjfG6q1Es
Стейк оссобуко особым манеромЪ - Тривалість: 11 хвилин.,/watch?v=BX-x9Y43IYQ
Пирог с мясом с начинкой по ГОСТу - Тривалість: 15 хвилин.,/watch?v=CRP6WqHfop4
"Котлеты с ""секретом"" и соус с яблоками - Тривалість: 11 хвилин.",/watch?v=BtrhKXYjHh8
Испанская кухня. Sepia a la planca con salsa verde y salsa special - Тривалість: 8 хвилин і 32 секунди.,/watch?v=a40Hqv-8ndA
Осьминог. Испанская классика - pulpo a la gallega - Тривалість: 9 хвилин і 20 секунд.,/watch?v=ScjPv-4QvUg
Чечевичный суп с варено-копчёным беконом – Sopa de lentejas – мексиканская кухня - Тривалість: 7 хвилин.,/watch?v=p09F6WOy3iA
Чумовые свиные ребрышки в духовке. В острой глазури. - Тривалість: 23 хвилини.,/watch?v=D161P002w18
Killer shrimps - Убийственные креветки гриль в чумовом маринаде - Тривалість: 12 хвилин.,/watch?v=R7-pYfLPbLo
Cиннабон cinnabon - чудовищно вкусные булочки с корицей - Тривалість: 12 хвилин.,/watch?v=kqe4TOlo8YI
Чиабатта в дровяной печи и в духовке -  в чём же разница? - Тривалість: 18 хвилин.,/watch?v=8Dp3bacnqnA
Гречневая каша со свиными рёбрышками и утиным конфи - деликатес! - Тривалість: 6 хвилин і 13 секунд.,/watch?v=ILKguRw4C-I
Масло (паштет) из тунца и анчоуса на завтрак. ОЧЕНЬ классная штука. - Тривалість: 2 хвилини і 59 секунд.,/watch?v=mveK8iUh0lY
Корейка деликатесная варёно-копчёная. Сувид и дымогенератор. Sousvide - Тривалість: 16 хвилин.,/watch?v=SZKJKbLPSwk
Домашние куриные колбаски гриль с ultimate-соусом - Тривалість: 18 хвилин.,/watch?v=8A6E90NozCs
Хаш в Испании. Почти классический. - Тривалість: 8 хвилин і 50 секунд.,/watch?v=W8cxSjwova0
Анчоусное масло с миндалём и лимоном на завтрак - Тривалість: 5 хвилин і 10 секунд.,/watch?v=sSCmCe5kqts
"Бигос (бигус) богатый. С беконом, уткой, свиными рёбрышками и вином - Тривалість: 9 хвилин і 48 секунд.",/watch?v=0wf9SJL9peA
Несладкий пирог за 20 минут. Начинка - Тривалість: 8 хвилин і 18 секунд.,/watch?v=T9R8TGCDhZI
Паста в сливочном зелёном соусе с креветками - Тривалість: 6 хвилин і 5 секунд.,/watch?v=CYvmew-osEI
Пищевые фобии. ГМО и мутации - Тривалість: 8 хвилин і 19 секунд.,/watch?v=SYZGKX5-IeQ
Утиное конфи Тушёнка из утки/гуся/индейки/курицы - Тривалість: 6 хвилин і 8 секунд.,/watch?v=xrkyy6FILd8
Sousvide - сувид. Отчёт об эксплуатации. Достоинства и недостатки. - Тривалість: 12 хвилин.,/watch?v=IEsgjHO08aA
Картофельные маффины с беконом и сыром - Тривалість: 7 хвилин і 30 секунд.,/watch?v=phG8MnTttOo
Распаковка ножей  Samura KAIJU - Тривалість: 6 хвилин і 17 секунд.,/watch?v=GK09GfLeT5g
Панчетта варено-копчёная. Сувид и вакууматор. Pancetta arrotolatta. Sousvide  ENG SUB - Тривалість: 15 хвилин.,/watch?v=HnnDmfCXhps
Омлет с лососем. Быстрый завтрак - Тривалість: 10 хвилин.,/watch?v=wRdDgI5TDnE
Начос и гуакамоле Мексика. Кухня Текс-Мекс Tex-Mex - Тривалість: 11 хвилин.,/watch?v=sw7TsXWsAo4
Слоёный пирог с яблоками за 20 минут! - Тривалість: 4 хвилини і 56 секунд.,/watch?v=YCI9MGeEVKk
Слоёный пирог с сыром за 20 минут! - Тривалість: 4 хвилини і 52 секунди.,/watch?v=LQ3a5f3fVqg
Самура. 100 дней эксплуатации. Отчёт - Тривалість: 17 хвилин.,/watch?v=f7KYdW2WY2E
Коппа/каппокола вяленая свиная шея - Тривалість: 12 хвилин.,/watch?v=VMofS3CBS0I
"Колбаса сыровяленая, быстро выброшенная. 2 кг - Тривалість: 11 хвилин.",/watch?v=ai4evhDkt9w
Рыбная солянка. Сборная. Богатая - Тривалість: 10 хвилин.,/watch?v=ojqDovcyav8
Ламбургер. Рубленная котлета из ягнёнка. Lamburger - Тривалість: 9 хвилин і 49 секунд.,/watch?v=KAu5n0wjI9o
Бычий хвост с айвой - Тривалість: 5 хвилин і 29 секунд.,/watch?v=DigI2nNTPac
Маковый пирог - Тривалість: 7 хвилин і 27 секунд.,/watch?v=sdQCJ9mOrrs
Объявление победителей конкурса - Тривалість: 15 хвилин.,/watch?v=zQc3Fi5RR5w
Треска в беконе на праздничный стол - Тривалість: 9 хвилин і 13 секунд.,/watch?v=2Id72YMiDXQ
Колбаски гриль баранина - Тривалість: 10 хвилин.,/watch?v=dLPZfmA8MGI
45 минут нудятины. САМЫЙ бесполезный выпуск про выбор ножа. - Тривалість: 44 хвилини.,/watch?v=uEOhitVqYMI
Барбекю соус BBQ sauce - Тривалість: 6 хвилин і 52 секунди.,/watch?v=ktdVRNmAmxA
Аранчини - Arancini de riso Сицилийская кухня - Тривалість: 8 хвилин і 31 секунда.,/watch?v=HQRrnQWGQgQ
Интервью с Владимиром о недвижимости в Испании ч.2. - Тривалість: 23 хвилини.,/watch?v=_vClrxo4xSM
Хреновуха. Возрастное ограничение 18+ - Тривалість: 10 хвилин.,/watch?v=aCd6l9GtpAY
Испанский куриный суп со свиными рёбрышками - sopa de pollo con fideos - Тривалість: 6 хвилин і 43 секунди.,/watch?v=ptMItPvlq60
Штрудель с капустой - Тривалість: 11 хвилин.,/watch?v=HVce7GyFz8E
Интервью с Владимиром о недвижимости в Испании ч.1 - Тривалість: 20 хвилин.,/watch?v=BvsZHhf9xm8
Рыба в саркофаге из солёного теста - Тривалість: 11 хвилин.,/watch?v=s_2_beBQ4IQ
Десерт на праздничный стол за 10 минут - Тривалість: 5 хвилин і 55 секунд.,/watch?v=3HZgKwHJ2AY
Самура распаковка - Тривалість: 7 хвилин і 12 секунд.,/watch?v=f4-I1ImXgSo
Солянка капустная. НЕ СУП - Тривалість: 5 хвилин і 33 секунди.,/watch?v=UsANdAeWPqQ
Встречаем 2017й - Кок-о-вэн Петух в вине Кухня Франции Coq au vin - Тривалість: 10 хвилин.,/watch?v=T1xFcO6XJP8
Горячая закуска на праздничный стол - фаршированные шампиньоны - Тривалість: 5 хвилин і 29 секунд.,/watch?v=EDUB2JmEBwk
Куриные колбаски - сосиски и сувид sous-vide - Тривалість: 11 хвилин.,/watch?v=dFXAyAtTy3w
Hamburguesas verdes - Зелёные куриные котлеты с зелёным соусом Индейка - Тривалість: 6 хвилин і 34 секунди.,/watch?v=vd4rQYZUzjE
Штрудель с грибами. Техника работы с вытяжным тестом - Тривалість: 10 хвилин.,/watch?v=ZxtypqE943g
"Sous vide меньше чем за 100 евро. Распаковка, Skills&Tools - Тривалість: 5 хвилин.",/watch?v=PWC3x4asr1s
Баранья лопатка с соусом из красного вина и мяты. ОЧЕНЬ ПРОСТО - Тривалість: 7 хвилин і 44 секунди.,/watch?v=uggd4Xqpex4
Бёф бургиньон Говядина по бургундски - Тривалість: 11 хвилин.,/watch?v=EbullDb9f3I
Солянка сборная мясная - НЕ СМОТРИТЕ! - Тривалість: 10 хвилин.,/watch?v=fKnFkwWcLAA
Дрогобыческая колбаса варено-копченая - ШЕСТЬ вариантов - Тривалість: 21 хвилина.,/watch?v=5Zoli86E4sk
Камера для сыровяла своими руками Skills&Tools - Тривалість: 3 хвилини і 22 секунди.,/watch?v=hYPG0iXZUVo
Alubias estofadas con cerdo Испанская кухня Фасоль и рульки - Тривалість: 8 хвилин і 16 секунд.,/watch?v=A0da5tqZQlU
Паста с овощами. 10мин. неРЕАЛЬНО вкусно - Тривалість: 7 хвилин і 21 секунда.,/watch?v=hfZmdKrTjxY
Хлеб молочный десертный - в дровяной печи или в духовке? - Тривалість: 14 хвилин.,/watch?v=hy4vdSS2CEw
Дровяная печь или духовка? Хачапури по-аджарски - Тривалість: 12 хвилин.,/watch?v=eOu9wwBTIXk
Испанская паэлья с фрикадельками paella con albondigas - Тривалість: 12 хвилин.,/watch?v=8prK6FdooUU
Бэрэнге тэкэсе - татарские пирожки с картошкой - Тривалість: 7 хвилин і 5 секунд.,/watch?v=P1U8UqnU8y8
Штрудель яблочный и карамельный соус. Техника работы с вытяжным тестом - Тривалість: 14 хвилин.,/watch?v=ZJMBqmRgfRc
Шурпа - Тривалість: 10 хвилин.,/watch?v=UCSzKp6E8vI
Домашние тулузские колбаски в винном соусе. В КЛАССНОМ винном соусе - Тривалість: 7 хвилин і 35 секунд.,/watch?v=8VRJYvjxEjk
Суп харчо. Из баранины. Классический - Тривалість: 8 хвилин і 48 секунд.,/watch?v=e6MWSkEsZzU
Мясной хлеб на гриле - альтернатива шашлыку - Тривалість: 9 хвилин і 31 секунда.,/watch?v=E1RrwYNW2yU
"О Лазерсоне, мотоциклах и вине. Ответы на вопросы. Выпуск 8 - Тривалість: 12 хвилин.",/watch?v=-nF7k8tGBMU
Быстрый завтрак на гриле - Тривалість: 2 хвилини і 17 секунд.,/watch?v=qVO2Ymr96M4
Колбаски для жарки. Французская кухня. Тулуза - Тривалість: 17 хвилин.,/watch?v=XtSsM3TdkIA
Как переехать жить в Испанию. Ответы на вопросы. Выпуск 7 - Тривалість: 18 хвилин.,/watch?v=1LfMP3yCSlk
Кассуле (Le Cassoulet) - жемчужина французской кухни! - Тривалість: 14 хвилин.,/watch?v=wJf1buVBpFc
Профитроли с нежнейшим паштетом из куриной печени - Тривалість: 10 хвилин.,/watch?v=FWuuwsidBzc
Ответы на вопросы. Выпуск 6 - Тривалість: 16 хвилин.,/watch?v=S-WfM22OVJQ
Пищевые фобии. Красное мясо вызывает РАК! - Тривалість: 12 хвилин.,/watch?v=ajFRW3l9a3o
Курица с макаронами и овощами Испанская кухня Фидеос кон пойо - Тривалість: 8 хвилин і 55 секунд.,/watch?v=PXIMFfmXA_Q
Колбаса краковская ВЕЛИКОЛЕПНАЯ по мотивам ГОСТ 16351 - Тривалість: 23 хвилини.,/watch?v=aNcR4WCbkcg
Перец фаршированный на зиму - Тривалість: 6 хвилин.,/watch?v=dkjFSnmKxiM
Ответы на вопросы. Выпуск 5 - Тривалість: 9 хвилин і 22 секунди.,/watch?v=xMCD_dRd_WI
Паста с морепродуктами Испанская кухня Fideos con mariscos - Тривалість: 10 хвилин.,/watch?v=fbI_mLU16R8
Ответы на вопросы. Выпуск 4 - Тривалість: 7 хвилин і 44 секунди.,/watch?v=DY3biRxUZ_4
Торт желе цацка-цицка - Тривалість: 7 хвилин і 16 секунд.,/watch?v=HH-IMSW1Qlw
Горчичный хлеб и молочный хлеб без хлебопечки - Тривалість: 17 хвилин.,/watch?v=WLh_ALlHXjY
Ответы на вопросы. Выпуск 3 - Тривалість: 9 хвилин і 33 секунди.,/watch?v=4XHpGWaIks0
"Пищевые фобии. Нитраты, сальмонеллёз, паразиты - Тривалість: 8 хвилин і 16 секунд.",/watch?v=UxN5S0udjmI
"Паэлья с морепродуктами. Осьминог, каракатица и креветки - Тривалість: 15 хвилин.",/watch?v=IP_DDbUg7aY
Задавайте вопросы! - Тривалість: 39 секунд.,/watch?v=c9cPsNwhfd4
Соус ромеско с треской и запеченым луком пореем - Тривалість: 8 хвилин і 58 секунд.,/watch?v=TNeFfaxyHvE
Кыстыбый. Татарская кухня - Тривалість: 9 хвилин і 38 секунд.,/watch?v=uNy-N27p6_0
Кальмары в томатно-винном соусе. Испанская кухня. - Тривалість: 6 хвилин і 57 секунд.,/watch?v=k7byty2jAIE
Говяжьи ребрышки в гриле ВЕЛИКОЛЕПНЫЕ - Тривалість: 7 хвилин і 35 секунд.,/watch?v=ODWoj2eSc1Y
Печенье бискотти с орехами и сухофруктами. Италия - Тривалість: 7 хвилин і 47 секунд.,/watch?v=ySJkuzm8Ww4
Оладьи. САМЫЕ вкусные. - Тривалість: 8 хвилин і 40 секунд.,/watch?v=0nY-jBFdn-Y
Картошка в духовке с беконом и сыром нарядная - Тривалість: 6 хвилин і 37 секунд.,/watch?v=wQRbnynyqBo
Паста в сливочном соусе с креветками - Тривалість: 6 хвилин і 22 секунди.,/watch?v=pOXSVLLPsEU
Тефтели греческие - Кефтедес - Тривалість: 10 хвилин.,/watch?v=KFbseR76caw
Креветочный биск - концентрат бульона из панцирей креветок - Тривалість: 6 хвилин і 13 секунд.,/watch?v=dBZXLN0wwtk
Креветки в остром чесночном масле - соус пильпиль. Испанская кухня - Тривалість: 8 хвилин і 22 секунди.,/watch?v=6vjm3PYIiFg
Запеканка из баклажанов - Меланзана алла пармиджана - Тривалість: 6 хвилин і 37 секунд.,/watch?v=R0O5hS0cBaA
Утиная грудка и соус камберленд - Тривалість: 10 хвилин.,/watch?v=uJ1ueIorvM8
Домашняя ветчина - никакой сои! Homemade ham - no soy! ENG SUB - Тривалість: 15 хвилин.,/watch?v=B0dMcZqYIqw
Греческий салат и фотоконкурс - Тривалість: 16 хвилин.,/watch?v=SAfVVMHogOc
Запеканка из макарон с курицей под соусом бешамель - Тривалість: 10 хвилин.,/watch?v=sUr2eV9BPAM
Свинина на гриле low and slow weber smokey mountain cooker Ver 2.0 - Тривалість: 12 хвилин.,/watch?v=xVoWjwcQqp0
Курица и свиные ребра в weber smokey mountain cooker Ver 1.0 - Тривалість: 10 хвилин.,/watch?v=lBe7WnCh_Oc
Бараньи ребрышки с луком. Потрясающий результат без труда! - Тривалість: 7 хвилин і 1 секунда.,/watch?v=U88VAYVmKe4
Коктейль из киви и мяты - Тривалість: 2 хвилини і 34 секунди.,/watch?v=qALwlXdWUV8
Колбаса в домашних условиях по мотивам сервелата. Версия 2.0 - Тривалість: 25 хвилин.,/watch?v=EZ9afPbk26A
Демиглас НЕ классический. Из курицы. Demi-glace - Тривалість: 15 хвилин.,/watch?v=aE9FChwWkc4
Колбаса в домашних условиях по мотивам сервелата - Тривалість: 25 хвилин.,/watch?v=D0VGg8QrIOI
Самый бесполезный выпуск. Какие пряности я использую. Рубрика Skills&Tools - Тривалість: 14 хвилин.,/watch?v=1iQh77hh9T8
Бекон сырокопченый с виски Raw smoked bacon with whiskey ENG SUB - Тривалість: 21 хвилина.,/watch?v=MITp1fdMGa8
Тефтели с начинкой в томатном соусе - Тривалість: 8 хвилин і 58 секунд.,/watch?v=VdhezGuFJ0I
Куриный рулет в коллагене. Фантастически просто и вкусно. - Тривалість: 30 хвилин.,/watch?v=3bm-4C8VWp4
Лосось холодного копчения Скумбрия Деликатесы своими руками - Тривалість: 22 хвилини.,/watch?v=hEictFD8e3Q
Испанская паэлья. С курицей и свиными ребрышками - Тривалість: 40 хвилин.,/watch?v=til3GDAajS4
Пирожки и рулеты дрожжевые в духовке - Тривалість: 37 хвилин.,/watch?v=CCqVZVpeF08
Классический соус песто и постная паста с базиликом - Тривалість: 8 хвилин і 41 секунда.,/watch?v=mREAg4lp3sc
Разделочные доски - какую выбрать. Рубрика Skills&Tools - Тривалість: 8 хвилин і 57 секунд.,/watch?v=RY2GLMqWzQo
"Ответ на видео Славного Друже - ""Зачем люди пишут гадости в интернете?"" - Тривалість: 11 хвилин.",/watch?v=MTajqNf5kzQ
Щи из квашеной капусты с белыми грибами - Тривалість: 9 хвилин і 14 секунд.,/watch?v=BNmNJTZnMLc
Супер быстрая выпечка из слоеного теста - Тривалість: 7 хвилин і 32 секунди.,/watch?v=sLLqaf-EW3U
Рассольник с куриными потрошками - Тривалість: 9 хвилин і 9 секунд.,/watch?v=3FBC3HG44PE
Как выбрать ПРАВИЛЬНУЮ кастрюлю из нержавейки - Тривалість: 11 хвилин.,/watch?v=kzzAOzNqGeQ
Постная гречневая каша с сухими белыми Нереально вкусно! - Тривалість: 8 хвилин і 16 секунд.,/watch?v=T3GIiGgpPCU
Прогулки на Costa blanca и как выбирать хамон - Тривалість: 44 хвилини.,/watch?v=OfHUVgqBgCs
Skills and Tools Работа над ошибками курица c 40 зубчиками чеснока - Тривалість: 8 хвилин і 9 секунд.,/watch?v=_avHakc73u8
Сarrillada de cerdo - свиные щёки. В соусе демиглас. - Тривалість: 8 хвилин і 41 секунда.,/watch?v=u8iBdO0BWnI
Духовка Режим конвекции - как правильно - Тривалість: 8 хвилин і 19 секунд.,/watch?v=_qcZfCP_RWk
Гречневая каша с потрошками НЕРЕАЛЬНО вкусно! - Тривалість: 8 хвилин і 30 секунд.,/watch?v=Mfg3Az-8Dpg
Говяжьи ребрышки в винном соусе - Тривалість: 9 хвилин і 50 секунд.,/watch?v=hc9t8fFZT-c
Бекон варенокопченый в домашних условиях. Сухая засолка - Тривалість: 17 хвилин.,/watch?v=SwsXEN0uF9U
Говядина в соусе велюте с грибами - Тривалість: 9 хвилин і 30 секунд.,/watch?v=_4ZZ4RJ3zR0
Куриный рулет и горчичный соус - Тривалість: 12 хвилин.,/watch?v=BNTnDTBHE7M
Домашний майонез. 3 минуты. Работа над ошибками. - Тривалість: 25 хвилин.,/watch?v=y1YaoIdE-II
Курица запеченая в духовке с 40 зубчиками чеснока - Тривалість: 10 хвилин.,/watch?v=5QiuW4Fgbac
Овощи - гриль по-испански: Эскаливада/escalivada - Тривалість: 7 хвилин і 26 секунд.,/watch?v=4uS89BOGClI
Тандыр. Курятина и баранина. Маринад. - Тривалість: 16 хвилин.,/watch?v=LchIXnWa1f8
Шаурма домашняя турецко-испанская - Тривалість: 11 хвилин.,/watch?v=bNuZf6CtMY0
Быстрые закуски к пиву - тапасы с ДельНорте - Тривалість: 11 хвилин.,/watch?v=ZvdKk_F3hCA
Где недорого поесть в Испании Lizarran - Тривалість: 10 хвилин.,/watch?v=3LOIO_H8QOc
Где недорого поесть в Испании Wok Buffet - Тривалість: 7 хвилин і 14 секунд.,/watch?v=rd9u3pOceOQ
Тушеная картошка с мясом в духовке - Тривалість: 6 хвилин і 11 секунд.,/watch?v=iG-B-MJlACU
стейк оссобуко osso buсo по ИСПАНСКИ говяжья голяшка - Тривалість: 8 хвилин і 11 секунд.,/watch?v=2AS_G6Ye_zw
Мидии а ля маринера Немного Испании mejillones a la marinera - Тривалість: 5 хвилин і 11 секунд.,/watch?v=ixlk72G5ZLY
Как вкусно приготовить камбалу - Тривалість: 8 хвилин і 7 секунд.,/watch?v=DbxZ459al3s
Теплый салат. ДЕЙСТВИТЕЛЬНО ВКУСНЫЙ теплый салат. - Тривалість: 5 хвилин і 48 секунд.,/watch?v=y7SPP6V9v5U
Тирамису Настоящий Это очень просто и очень вкусно - Тривалість: 6 хвилин і 32 секунди.,/watch?v=RZjGZm8aCF8
Бычьи хвосты с медленными углеводами - для безуспешно худеющих ) - Тривалість: 7 хвилин і 8 секунд.,/watch?v=-SCOwRd5IlY
Как приготовить бисквитное печенье савоярди - дамские пальчики - Тривалість: 7 хвилин і 6 секунд.,/watch?v=iwb4vDt-AT4
Утка в яблоках с апельсиновым соусом на новогодний стол - Тривалість: 7 хвилин і 12 секунд.,/watch?v=Rk0UMEgscQg
Беляши с мясом - перемячи обалденные Татарская кухня - Тривалість: 11 хвилин.,/watch?v=mVfNCHhyyoQ
Испанский завтрак - бокадийос и тостадас - bocadillos y tostadas - Тривалість: 7 хвилин і 39 секунд.,/watch?v=ZUpvnN5z3WQ
Свиная вырезка с яблоками и черносливом - Испанская соломийо де сердо - Тривалість: 11 хвилин.,/watch?v=__uz7QRoTJE
"Жульен (жюльен) из шампиньонов. С курицей, с ветчиной. ВСЕ подробности - Тривалість: 9 хвилин і 53 секунди.",/watch?v=171VrQUVqG0
Настоящий венгерский гуляш. Идеальный гуляш. - Тривалість: 14 хвилин.,/watch?v=wf6abH6sJx0
Дымогенератор для горячего и холодного копчения. Рубрика Skills&Tools - Тривалість: 5 хвилин і 32 секунди.,/watch?v=lrMcutT1r3g
Шакшука - быстрый завтрак и не только - Тривалість: 10 хвилин.,/watch?v=JJD8WfmhFrI
Кухонный комбайн Kenwood Major Titanium KMM 020. Обзор. Достоинства и недостатки - Тривалість: 19 хвилин.,/watch?v=U5PEKecnrCc
Пицца в домашних условиях. Правильная пицца. Кальцоне - Тривалість: 12 хвилин.,/watch?v=uNRft_4M9Rg
Колбасный шприц для дома. Обзор. Достоинства и недостатки. - Тривалість: 7 хвилин і 3 секунди.,/watch?v=dhqpaeNH3Jo
Свинья в апельсинах – свинина в духовке на праздник в соево-апельсиновом маринаде - Тривалість: 11 хвилин.,/watch?v=_DwHyr_aZ1w
Как выбирать оливковое масло Extra virgin Olive Oil - Тривалість: 5 хвилин і 8 секунд.,/watch?v=9iqawe3wUFo
"Заварные пирожные профитроли (тесто для профитролей, эклеров) и заварной крем - Тривалість: 12 хвилин.",/watch?v=gjfMNPRg3sM
Сардельки домашние сливочные по мотивам ГОСТ 23670 - Тривалість: 21 хвилина.,/watch?v=NoJR_3qj7P4
Курица Отличное соте из курицы с необычным гарниром - Тривалість: 8 хвилин і 19 секунд.,/watch?v=xwrHcuVuzRk
Хрустящие домашние чебуреки – возмутительно вкусные - Тривалість: 9 хвилин і 41 секунда.,/watch?v=LwxyCX52MtQ
Свиная рулька идеальная (вепрево колено) в пиве - Тривалість: 9 хвилин і 57 секунд.,/watch?v=EjFeLBzAiME
Рыба на пару (на подушке из овощей) с чумовым соусом БЕЗ МУЛЬТИВАРКИ! ))) - Тривалість: 7 хвилин і 42 секунди.,/watch?v=qqEVYgEiInA
"Жаркое в горшочке, или ирландское рагу, или испанское асадо - чем схожи эти блюда? - Тривалість: 15 хвилин.",/watch?v=tf9aoetigTw
Как мы это делаем. Выпуск 3. - Тривалість: 4 хвилини і 21 секунда.,/watch?v=uXVzxgj-orQ
МЕГАвкусные воздушные пампушки с чесноком к украинскому борщу - Тривалість: 13 хвилин.,/watch?v=ovGEMPAeX4o
"Куриный рулет дома - просто, быстро и очень вкусно! - Тривалість: 14 хвилин.",/watch?v=slwp799drA4
"Итальянская паста арабиата, арабьята на радость вегетарианцам - томаты, острый перец, масло - Тривалість: 8 хвилин і 16 секунд.",/watch?v=jRmrBFyX2-M
Анонс битвы! - Тривалість: 80 секунд.,/watch?v=_aPlUNUdtVc
"Ломаете голову, что приготовить на ужин? На обед? Смотрите! - Тривалість: 10 хвилин.",/watch?v=CszfBNmRcwY
Классический швейцарский рулет за 15 минут - Тривалість: 8 хвилин і 41 секунда.,/watch?v=rQHR7a74gRo
Великолепнейший соус за 10 минут для десертов и овощных салатов - Тривалість: 5 хвилин і 44 секунди.,/watch?v=j8t4QPoIwe8
Копченые свиные ребрышки в домашних условиях - это просто! - Тривалість: 10 хвилин.,/watch?v=wW1h4xeUVbk
"Очень быстрая выпечка! Овсянка, СЭР! - Тривалість: 5 хвилин і 43 секунди.",/watch?v=1eAhlhurvnM
Азу по-татарски. Но не просто азу - а великолепное АЗУ! - Тривалість: 11 хвилин.,/watch?v=b_1nZF3ZP-w
Супербыстрая выпечка без проблем! - Тривалість: 8 хвилин і 5 секунд.,/watch?v=1i4jAxcDlag
Великолепные ребрышки Гриль - Тривалість: 15 хвилин.,/watch?v=abRwUSXrwB4
Результаты конкурса - Тривалість: 4 хвилини і 55 секунд.,/watch?v=kWmxluf1R5Y
Работанадошибками Ответы - Тривалість: 27 хвилин.,/watch?v=5siA7c9XI-w
Крылышки баффало. Простой и быстрый рецепт + сырный соус - Тривалість: 9 хвилин і 11 секунд.,/watch?v=3PIiNatUmf4
Отличная выпечка без духовки - Тривалість: 8 хвилин і 44 секунди.,/watch?v=XI6tZl7sjvU
"Крамбл на углях, десерты на барбекю BBQ - Тривалість: 11 хвилин.",/watch?v=YGc5yHIF17M
Конкурс - Тривалість: 5 хвилин і 37 секунд.,/watch?v=Ybzk3UF6ulo
Работа над ошибками - Тривалість: 5 хвилин і 39 секунд.,/watch?v=emYYL8KjINk
Идеальная буженина. Свинина в духовке на праздник - Тривалість: 25 хвилин.,/watch?v=-C2t_PCbis4
Мидии в вине – очень простой и быстрый рецепт - Тривалість: 7 хвилин і 39 секунд.,/watch?v=6O52E3tBka4
Кролик в белом вине с грибами и картофелем - Тривалість: 6 хвилин і 5 секунд.,/watch?v=sKiqJG81V_k
"Крем суп - фасоль, сливки, морепродукты и розмарин. ОН ОФИГЕНЕН! - Тривалість: 12 хвилин.",/watch?v=vnc01K417Bw
Великолепный лагман узбекская кухня - Тривалість: 8 хвилин і 29 секунд.,/watch?v=eLfCkEh84zY
Как приготовить вяленые помидоры tomate seco сушеные помидоры на зиму - Тривалість: 8 хвилин і 14 секунд.,/watch?v=DUFYgDV7WdQ
Как сделать лапшу для лагмана - Тривалість: 14 хвилин.,/watch?v=D_3PcJp0El8
Паста Карбонара alla carbonara БЕЗ СЛИВОК ПРОСТО И ВКУСНО - Тривалість: 5 хвилин і 14 секунд.,/watch?v=GcY-KMPdaRA
"Как приготовить бастурму дома - простой и легкий рецепт Բաստուրմա, Basdırma, Pastırma Пасторма - Тривалість: 10 хвилин.",/watch?v=KCa-v-VbxyY
Сыровяленая утиная грудка - мясные деликатесы в домашних условиях - Тривалість: 7 хвилин і 18 секунд.,/watch?v=khgCZZW5r2Q
Дамлама - очень простое и вкусное узбекское блюдо - мясо тушеное с овощами (казахские вариации) - Тривалість: 10 хвилин.,/watch?v=0m-st2GToS4
Ответы на вопросы. Выпуск 2 - Тривалість: 41 хвилина.,/watch?v=CBa08_I2LgQ
Ризотто с грибами и не только с грибами - Тривалість: 12 хвилин.,/watch?v=UeMmAruOam4
Рыба в белом вине Супер быстрый ОЧЕНЬ простой ИЗЫСКАННЫЙ рецепт рыбы - Тривалість: 6 хвилин і 58 секунд.,/watch?v=lExN3FdIvw8
"Сладкий пирог Рецепт идеального пирога, идеального теста для пирогов, секреты сладкой выпечки - Тривалість: 12 хвилин.",/watch?v=TlfcKzLqRQ4
"Айоли - alioli (исп.)  all-i-oli (фр) - чесночный средиземноморский ""майонез"" - Тривалість: 6 хвилин і 36 секунд.",/watch?v=EwjvE3NhhLk
Рецепт идеального хлеба в духовке Формовой белый хлеб Домашний хлеб. Тесто для выпечки хлеба (bread) - Тривалість: 12 хвилин.,/watch?v=q44St5u-w5U
Салаты. Соус винегрет. Рецепт великолепных средиземноморских салатов - Тривалість: 14 хвилин.,/watch?v=TLF3Flp9Qs4
"Маринад для шашлыка из курицы, быстрый рецепт и для духовки и для мангала - Тривалість: 20 хвилин.",/watch?v=DHZNdvArOSs
Как приготовить майонез домашний - классический провансаль - Тривалість: 10 хвилин.,/watch?v=Dulo56S6PP0
"Копчение мяса. Шейка горячего копчения, бекон холодного копчения - Тривалість: 20 хвилин.",/watch?v=pvBtEOl4zh8
"Гаспачо (холодный томатный суп) - испанская ""окрошка"". Классический рецепт постного супа - Тривалість: 10 хвилин.",/watch?v=ETDhO4VUH88
Как приготовить паштет из куриной печени под яблочным желе на праздничный стол. - Тривалість: 12 хвилин.,/watch?v=7yXqxHXbNeg
Как приготовить пасту с морепродуктами спагетти вонголе spagetti vongole Простой Обалденный Рецепт - Тривалість: 13 хвилин.,/watch?v=F2j2LndF4MA
Как приготовить идеальную баранину в духовке  с потрясающим красным соусом. Техника slow cook - Тривалість: 15 хвилин.,/watch?v=UprLHsvawEE
Как приготовить классическую лазанью с соусом болоньез и бешамель. САМЫЙ КЛАССНЫЙ РЕЦЕПТ! - Тривалість: 5 хвилин і 10 секунд.,/watch?v=f5zPb8T1tuE
"Спагетти болоньезе, важные секреты! Думаете что знаете какое мясо взять для фарша? Ошибаетесь! - Тривалість: 9 хвилин і 38 секунд.",/watch?v=kRCa1mnAb4M
Ответы на вопросы. Выпуск 1 - Тривалість: 31 хвилина.,/watch?v=J-UHuYmynDo
Как приготовить концентрированный красный бульон - демиглас - demiglace - Тривалість: 11 хвилин.,/watch?v=K5ek-7b4HhM
"Как сделать пасту с сырным соусом, простой и быстрый рецепт обеда за 8 минут - Тривалість: 8 хвилин і 59 секунд.",/watch?v=VZRDeWxwuew
Как приготовить грибной крем суп Суп пюре из шампиньонов Обжарка шампиньонов для усиления вкуса - Тривалість: 11 хвилин.,/watch?v=3cMCpmZEj4E
Как приготовить курицу в духовке - рецепт идеальной курицы по мотивам Джуди Роджерс - Тривалість: 9 хвилин і 49 секунд.,/watch?v=52s9wMqBKmw
"Как приготовить стейк с классическим перечным соусом. Рибай, толстый край - Тривалість: 12 хвилин.",/watch?v=Vyp7u_AxnMo
"Как приготовить овощной плов, рецепт риса с овощами для вегетарианцев и сочувствующих - Тривалість: 4 хвилини і 46 секунд.",/watch?v=rnLSi1_bXjg
"Деликатесное холодное копчение рыбы и мяса. Скумбрия, свиная вырезка - копчение холодным дымом - Тривалість: 26 хвилин.",/watch?v=_9ZEmRopdSM
"Как приготовить мясные котлеты без мяса. Вкусный завтрак за 10 минут. Овсянка, сэр! - Тривалість: 8 хвилин і 3 секунди.",/watch?v=mib2L7ncNRY
Ломаете голову - что приготовить из фарша? Тефтели в потрясающем соусе из овощей! - Тривалість: 10 хвилин.,/watch?v=mrZSiJ_lhUw
Как мы ЭТО делаем. Выпуск 2 - Тривалість: 118 секунд.,/watch?v=E30QKbnziOQ
Готовим хинкали! Грузинская кухня. Видеорецепт. Просто быстро вкусно - Тривалість: 11 хвилин.,/watch?v=2GyeK9tB7CM
"Как приготовить пасту с грибами в сливочном соусе, очень простой рецепт - Тривалість: 12 хвилин.",/watch?v=JZRKxXuTLB0
Борщ – пошаговый рецепт приготовления самого вкусного украинского борща со свеклой - Тривалість: 8 хвилин і 58 секунд.,/watch?v=JsGxqQV5mPI
"Анбоксинг дымогенератора для холодного копчения, рубрика Skills&Tools - Тривалість: 6 хвилин і 32 секунди.",/watch?v=yW-YfvHEnwg
Колбаса в домашних условиях САМЫЙ лучший рецепт домашней колбасы из свинины - Тривалість: 10 хвилин.,/watch?v=-TuJd3SlLR8
Как приготовить сливочный соус для пасты с лососем (семгой) обед за десять минут - Тривалість: 5 хвилин і 37 секунд.,/watch?v=7CDJIyGJIu4
"Как приготовить красную рыбу на углях, лосось по-фински на доске без мангала. Лоймулохи - Loimulohi - Тривалість: 6 хвилин і 42 секунди.",/watch?v=VATzucnh4Wk
Разделка рыбы. Разделка семги на филе. Филирование рыбы. Рубрика Skills&Tools - Тривалість: 4 хвилини і 5 секунд.,/watch?v=3_IkZpmOKYA
"Как приготовить куриный суп с клёцками - обалденный рецепт, клёцки с чесноком и зеленью - Тривалість: 7 хвилин і 27 секунд.",/watch?v=K5I35UL-JUM
"Как приготовить курицу по-французски, poulet casserole, цыплёнок в кастрюльке в соусе - Тривалість: 7 хвилин і 8 секунд.",/watch?v=UA1Cc9jkJbg
"Как приготовить супербыстрые кексы к завтраку – маффины за 15 минут, с лимонной цедрой и клюквой - Тривалість: 6 хвилин і 33 секунди.",/watch?v=-Q2u0jq6jHo
"Как быстро порезать лук, виды нарезки лука, knife skills, рубрика Skills&tools - Тривалість: 4 хвилини.",/watch?v=Dk5DBujd53Y
"Как приготовить вкусные булочки для бургера, рецепт потрясного хлеба в дровяной печи или духовке - Тривалість: 7 хвилин і 27 секунд.",/watch?v=ij_WVi9hj-U
Как быстро почистить лук - рубрика skills&tools - Тривалість: 2 хвилини і 28 секунд.,/watch?v=20cN2eGrDbw
"Как приготовить потрясающую вкусную кулебяку с рыбой, простой рецепт русской кухни - Тривалість: 10 хвилин.",/watch?v=EVm18Ol0L0o
"Как приготовить яйца бенедикт под соусом оландез голландский соус - быстрый завтрак, пашот - Тривалість: 4 хвилини і 36 секунд.",/watch?v=dNJuUQmTJc4
Полезный (медленные углеводы) потрясающий острый фасолевый суп с беконом по мексиканским мотивам - Тривалість: 4 хвилини і 45 секунд.,/watch?v=lkkjcIozzDg
Как мы делаем ЭТО. Бэкстэйдж со съемки роликов канала COOLинарная PROпаганда - Тривалість: 2 хвилини і 37 секунд.,/watch?v=mvnYWyM4kmg
Каталог видеороликов. Страница 4. Канал COOLинарная PROпаганда» - Тривалість: 31 секунда.,/watch?v=3wQC_ndVD7E
Каталог видеороликов. Страница 3. Канал COOLинарная PROпаганда - Тривалість: 31 секунда.,/watch?v=PqzURMF4B0A
Каталог видеороликов. Страница 2. Канал COOLинарная PROпаганда - Тривалість: 31 секунда.,/watch?v=4YXXpdZmHl8
Каталог видеороликов. Страница 1. Канал COOLинарная PROпаганда - Тривалість: 31 секунда.,/watch?v=QcT9xUb4WkM
"Как приготовить груши в вине простой и быстрый рецепт десерта, pears with red wine - Тривалість: 4 хвилини і 36 секунд.",/watch?v=WwFIEtyQA8M
"Как приготовить сhili con carne, чили кон карне, мексиканская кухня, медленные углеводы - Тривалість: 7 хвилин і 14 секунд.",/watch?v=C5xd2LLp8XQ
"Как приготовить аутентичный зур бэлиш, татарский пирог с мясом и картошкой - татарская кухня, балиш - Тривалість: 8 хвилин і 35 секунд.",/watch?v=0gzauoBgyao
"Краткий обзор точильных камней, IKEA, спайдерко триангл, Spyderco Triangle Sharpmaker - Тривалість: 4 хвилини і 45 секунд.",/watch?v=3yp9MayQGAQ
"Как приготовить чахохбили из курицы, рецепт простого блюда из курицы, грузинская кухня - Тривалість: 5 хвилин і 51 секунда.",/watch?v=bBMT26H8SVA
"Чикен МакНаггетс? Лучше! Простой рецепт куриных нагетсов, испанская закуска к пиву - tapas - Тривалість: 4 хвилини і 8 секунд.",/watch?v=kOih8WR8Q7s
"Как приготовить испанскую тортилью с картошкой, простой рецепт, tortilla de patatas - Тривалість: 6 хвилин і 22 секунди.",/watch?v=TXXYlgOZOng
Как приготовить бефстроганов из говядины рецепт блюда из мяса patatas bravas - Тривалість: 7 хвилин і 22 секунди.,/watch?v=8sF4A68_f-k
"Restaurante japones Fujiyama, Denia, Alicante, Espana - Тривалість: 2 хвилини і 9 секунд.",/watch?v=DRsvdgFJUGs
"Как приготовить яблочный десерт за 20 минут из слоеного теста рецепт быстрой  выпечки, штрудель - Тривалість: 6 хвилин і 15 секунд.",/watch?v=4K-U1ge5Yjo
BackStage FUJIyama - Тривалість: 70 секунд.,/watch?v=REypQa1yexg
"Как приготовить яблочный крамбл, apple crumble, простой и быстрый десерт, рецепт - Тривалість: 4 хвилини і 54 секунди.",/watch?v=wnxuzMrYO9k
"Три важных момента при выборе шеф-ножа европейского типа, как выбрать кухонный нож - Тривалість: 4 хвилини і 2 секунди.",/watch?v=1XSlhAw1ztk
"Как приготовить свиной рулет, как вкусно приготовить вторые блюда, новогодние рецепты - Тривалість: 7 хвилин і 35 секунд.",/watch?v=oZmjwvoPjBI
Приветствие подписчикам - Тривалість: 60 секунд.,/watch?v=Ohi0JJz89o0
"Как приготовить бешамель, картофельная запеканка с рыбой, bechamel sauce - Тривалість: 6 хвилин і 8 секунд.",/watch?v=Fz-39hPXwas
"Как приготовить мясной рулет, блюда из мяса, рецепты вторых блюд, мясные рулеты, мясной хлеб - Тривалість: 4 хвилини і 28 секунд.",/watch?v=ohCRFJLUwr4
"Как приготовить бараньи голяшки с полезной чечевицей(медленные углеводы), блюда из баранины - Тривалість: 4 хвилини і 5 секунд.",/watch?v=q0w3XXjVHsA
"Как приготовить завиванцы рулетики, вторые блюда из куриной грудки, блюда из курицы, chicken rolls - Тривалість: 5 хвилин і 25 секунд.",/watch?v=HjHrMOKwc4E
"Salsa verde recipe, Зеленый соус, Очень простой и очень вкусный соус к мясу, соус к рыбе - Тривалість: 5 хвилин і 10 секунд.",/watch?v=qnpQLQovalc
Как вкусно приготовить курицу? Простой рецепт курица в вине Pollo con vino blanco блюда из курицы - Тривалість: 5 хвилин і 16 секунд.,/watch?v=qmy7fuHX9wo
Рекламный ролик канала COOLинарная ПРОпаганда - Тривалість: 72 секунди.,/watch?v=WAbFq0yQowk
"Как приготовить мясо по-французски, говядину по крестьянски, мясо в пиве, блюда из говядины - Тривалість: 5 хвилин і 35 секунд.",/watch?v=bQMFgSiVPTc
"Arroz a banda, черный рис с каракатицей - Тривалість: 8 хвилин і 43 секунди.",/watch?v=g-SrGDtUPr0
"Рыбный бульон, caldo de pescado - Тривалість: 5 хвилин і 6 секунд.",/watch?v=E_HWUD8btp8
"Тапенада, tapenade - Тривалість: 4 хвилини і 26 секунд.",/watch?v=qoGVJmv3Muw
"как приготовить тесто для пиццы, домашняя пицца маргарита, пицца четыре сыра, пицца рецепт - Тривалість: 11 хвилин.",/watch?v=oDvUI8JKij4
Батон полесский - Тривалість: 2 хвилини і 49 секунд.,/watch?v=apcbbOaucnk
"Глютен, как приготовить тесто - Тривалість: 3 хвилини і 39 секунд.",/watch?v=kzQEKzGl3uA
"Соус маринара, спагети маринара - Тривалість: 5 хвилин і 25 секунд.",/watch?v=HRdspwrp7m0
