Как можно жестко попасть купив машину на аукционе без проверки - Тривалість: 7 хвилин і 48 секунд.,/watch?v=Qb1rczXTiZw
Kia Carnival NEW 2019. Авто из Южной Кореи - Тривалість: 12 хвилин.,/watch?v=asZdU6lI_qg
Цены 2019 на кроссоверы в Корее на аукционах - Тривалість: 12 хвилин.,/watch?v=YRydaz73YP0
17.02.19 Сеул - все по другому ! Едем дальше ... - Тривалість: 92 секунди.,/watch?v=xp_yDT4FhSQ
"SKoreacar - Новый формат , работа над ошибками . Представитель Запорожье - Тривалість: 101 секунда.",/watch?v=lzE7lqzZ3TM
SKOREACAR - слёт владельцев LPi (Киев) Розыгрыш 2500$ - Тривалість: 17 хвилин.,/watch?v=aHStzZkI_z4
Розыгрыш 2000$ среди  клиентов SKOREACAR . Слёт владельцев LPG машин с двигателями LPi - Тривалість: 3 хвилини і 42 секунди.,/watch?v=6hE5Hrrz5RY
Мы открылись в Харькове . Skoreacar авто из Южной Кореи - Тривалість: 2 хвилини і 25 секунд.,/watch?v=n9DDlepUd3s
Какое масло лить в LPi двигатель ? Как менять газовый фильтр ? Делаем ТО . - Тривалість: 13 хвилин.,/watch?v=Hw_mtMe-F30
Как можно заказать Авто из Кореи и попасть .... Часть 1 ( Как все начиналось ) - Тривалість: 9 хвилин і 4 секунди.,/watch?v=TFrgniLZCzU
Ответы на вопросы . Кто есть кто .... - Тривалість: 7 хвилин і 14 секунд.,/watch?v=-7cm9OcWzxU
SKoreacar - Авто из Южной Кореи в наличии и под заказ . Планы на будущее - Тривалість: 2 хвилини і 23 секунди.,/watch?v=i4OoCgYqMo8
Разгрузка машин в порту . Открываем приём заказов на январь 2019. SKoreacar - Авто из Южной Кореи - Тривалість: 14 хвилин.,/watch?v=v9C0TE1Wyo0
Разгрузка машин в порту Одессы. SKOREACAR - Авто из Южной Кореи - Тривалість: 13 хвилин.,/watch?v=5CgYZiD3I04
Разгрузка машин в порту . Авто из Южной Кореи - Тривалість: 3 хвилини і 20 секунд.,/watch?v=kvtJwTO5tqs
Hyundai Sonata Premium Special LPG 2015  Panorama. Авто из Кореи - Тривалість: 8 хвилин і 12 секунд.,/watch?v=oeeKa7PPQcg
Hyundai Sonata LF 2015 LPG . SKOREACAR - Тривалість: 4 хвилини і 39 секунд.,/watch?v=Kkn4GUn_lE4
Kia K5 2014 LPG . Авто из Южной Кореи - Тривалість: 5 хвилин і 45 секунд.,/watch?v=50-wm1MpNLc
Hyundai Sonata LF 2016 LPG . SKOREACAR - Тривалість: 5 хвилин і 42 секунди.,/watch?v=d4JvZfMwty8
Kia K5 Prestige 2016 LPG. Авто из Кореи - Тривалість: 7 хвилин і 45 секунд.,/watch?v=gu3j2_Z-P84
Kia K5 2015 LPG . Авто из Южной Кореи . - Тривалість: 7 хвилин і 7 секунд.,/watch?v=j9wKewA2O_Y
Hyundai Sonata LF 2015 LPG . Авто из Южной Кореи - Тривалість: 8 хвилин і 8 секунд.,/watch?v=x9czlZ97Aag
Hyundai Sonata LF 2015 Premium LPG. SKOREACAR - Тривалість: 12 хвилин.,/watch?v=nB603a5NQ1g
Hyundai Sonata Premium Special LPG 2015 Full. Авто из Южной Кореи - Тривалість: 9 хвилин і 6 секунд.,/watch?v=M-fnhNRqaBA
Kia K5 2016 LPG 6MT . Авто из Южной Кореи - Тривалість: 8 хвилин і 54 секунди.,/watch?v=UZk2tMqvkp0
Hyundai Sonata LF Premium 2015 LPG . Авто из Южной Кореи - Тривалість: 5 хвилин і 57 секунд.,/watch?v=_DyR5RsCHzU
Hyundai Avante ( Elantra) 1.6 LPG . Авто на заводском газе - Тривалість: 12 хвилин.,/watch?v=wdbOJFs7JtA
Kia K5 Deluxe 2015 LPG . Авто из Южной Кореи - Тривалість: 6 хвилин і 51 секунда.,/watch?v=ZiSiPLVao-Y
Kia K5 2014 LPG . Авто из Южной Кореи - Тривалість: 7 хвилин і 33 секунди.,/watch?v=4d-CHEzucus
Kia Sportage 2.0 Diesel. Auto from Korea - Тривалість: 8 хвилин і 22 секунди.,/watch?v=vrAyPal_QJc
Hyundai Sonata LF 2015 LPG . Авто из Южной Кореи - Тривалість: 8 хвилин і 20 секунд.,/watch?v=0-zvonOkrMQ
Kia K5 2015 LPG . Авто из Южной Кореи - Тривалість: 7 хвилин і 41 секунда.,/watch?v=Juqmsd-t0jg
Hyundai Sonata LF 2015 LPG . Auto from Korea - Тривалість: 4 хвилини і 28 секунд.,/watch?v=8C_eHtz2C9U
Hyundai Avante  ( Elantra) 1.6 LPG . Авто из Южной Кореи - Тривалість: 7 хвилин і 11 секунд.,/watch?v=k2Nwf-FPx18
Что по чем ? Renault Samsung QM6 ( Renault Koleos) - Тривалість: 3 хвилини і 18 секунд.,/watch?v=2opKOMqHOhQ
Kia K5 2014 Deluxe LPG . Авто из Южной Кореи - Тривалість: 6 хвилин і 26 секунд.,/watch?v=ERKdVkw877k
Hyundai Sonata 2016 LPG . Авто из Южной Кореи - Тривалість: 13 хвилин.,/watch?v=7CbnOdcWwoI
Что по чем ? Hyundai Kona 2018 Diesel 1.6 A/T . SKOREACAR - Тривалість: 7 хвилин і 13 секунд.,/watch?v=p_bIFkRUUKo
Hyundai Sonata LF 2015 LPG . Авто из Южной Кореи - Тривалість: 8 хвилин і 41 секунда.,/watch?v=mVtOsc4gJeM
Hyundai Sonata LF 2015 Special Full LPG. Авто из Южной Кореи - Тривалість: 10 хвилин.,/watch?v=fiQXsbu-JfQ
Что по чем ? Hyundai Grandeur NEW 2018 LPG 3.0 V6 - Тривалість: 12 хвилин.,/watch?v=RMO2_1sMk8I
Kia K5 NEW 2016 LPG . Авто из Южной Кореи - Тривалість: 7 хвилин і 50 секунд.,/watch?v=IuMFDPi1TrU
Hyundai Sonata LF 2015 LPG . WWW.SKOREACAR.COM - Тривалість: 7 хвилин і 3 секунди.,/watch?v=di29hAoQaJ8
Hyundai Sonata LF 2015 . Авто из Южной Кореи - Тривалість: 6 хвилин і 25 секунд.,/watch?v=4MD_RdtXSIk
Kia K5 (Optima) 2015 LPG . Авто из Южной Кореи в наличии и под заказ - Тривалість: 7 хвилин і 57 секунд.,/watch?v=HMWSEGlRRPs
Hyundai Sonata LF 2015 LPG. SKOREACAR - авто из Южной Кореи в наличии и под заказ - Тривалість: 10 хвилин.,/watch?v=rLMcFUmKBtI
Hyundai Sonata NEW 2018 LPG . Авто из Южной Кореи в наличии и под заказ - Тривалість: 9 хвилин і 41 секунда.,/watch?v=4cqx2TAFKFA
Что по чем? Renault Samsung SM7 - Тривалість: 6 хвилин і 41 секунда.,/watch?v=EDdLYeG23F0
Kia K5 Prestige 2015 LPG . Авто из Южной Кореи - SKOREACAR - Тривалість: 14 хвилин.,/watch?v=9mRCzDzpWOc
Kia K5 NEW 2016 LPG . Авто из Южной Кореи - SKOREACAR - Тривалість: 7 хвилин і 40 секунд.,/watch?v=VsFnjWYTOAg
Kia K5 Prestige 2014 LPG . Авто из Южной Кореи в наличии и под заказ . - Тривалість: 6 хвилин і 27 секунд.,/watch?v=nfsOpE6Ker0
Что по чем ? Hyundai Grand Starex (H1). Авто из Южной Кореи - Тривалість: 7 хвилин і 51 секунда.,/watch?v=1LteKxFIX1I
Kia K5 NEW 2016 LPG . Авто из Южной Кореи в наличии и под заказ - Тривалість: 9 хвилин і 35 секунд.,/watch?v=ixp6xHLqKu0
Kia K5 NEW 2016 LPG . Авто из Южной Кореи под заказ и в наличии - Тривалість: 7 хвилин і 2 секунди.,/watch?v=VlZ46_8v8hE
Hyundai Sonata LF 2015 LPG . Авто Kia / Hyundai из Кореи - Тривалість: 13 хвилин.,/watch?v=-kn7Hye2i5o
Kia K5 2015 Deluxe LPG . Авто из Южной Кореи в наличии и под заказ - Тривалість: 16 хвилин.,/watch?v=ccuFd5wsxtg
Сеул 02.09.2018 . МЫ ОТКРЫЛИСЬ В МОЛДОВЕ - Тривалість: 67 секунд.,/watch?v=y81zZaqnkCs
Киев. Анонс тестдрайва KIA K7 NEW ( Cadenza) - Тривалість: 31 секунда.,/watch?v=NHrLGZfp99c
SkoreaCar - Мы в Одессе - Тривалість: 98 секунд.,/watch?v=Dbj_Hua_O1c
"SkoreaCar - скоро Россия , Польша , Казахстан - Тривалість: 53 секунди.",/watch?v=ORYqpZZWeXQ
Разгрузка машин в порту . Авто из Южной Кореи - Тривалість: 4 хвилини і 57 секунд.,/watch?v=Fx7dBJdML8w
Разгрузка машин в порту Одессы . АНОНС - Тривалість: 35 секунд.,/watch?v=kKLrc40gjlM
Загрузка машин в контейнеры . SKoreaCar - это всегда качество подбора Вашего авто. - Тривалість: 14 хвилин.,/watch?v=0vNn4R6YDPo
Hyundai Sonata LF Special 2015 LPG . 2.0 LPi - Тривалість: 7 хвилин і 54 секунди.,/watch?v=v4Ko3F4HQmk
Hyundai Sonata LF 2015 LPG . Авто из Южной Кореи - Тривалість: 5 хвилин і 45 секунд.,/watch?v=6B4KKcmghdk
Kia Morning ( Picanto)  2015 Bi- Fuel ( газ - бензин с завода ) - Тривалість: 19 хвилин.,/watch?v=FXjbjsDMm6w
Hyundai Sonata LF 2015 LPG . Авто из Южной Кореи на заказ . - Тривалість: 8 хвилин і 48 секунд.,/watch?v=JFsz5J5YK2w
"Hyundai Sonata LF 2015 LPG , Авто на заводском газе 2.0 LPi - Тривалість: 7 хвилин і 43 секунди.",/watch?v=j68TAUXQs54
Kia K5 NEW 2016 LPG . Авто из Южной Кореи - Тривалість: 9 хвилин і 58 секунд.,/watch?v=XbhhW610Nz8
Kia K5 2014 Luxury LPG . Авто из Южной Кореи - Тривалість: 10 хвилин.,/watch?v=LfOwRaZ7uIA
Hyundai Sonata LF 2015 LPG . Авто на заводском газе из Южной Кореи - Тривалість: 9 хвилин і 3 секунди.,/watch?v=plrUU4wE0TQ
Hyundai Sonata YF 2014 LPG . Авто из Южной Кореи - Тривалість: 8 хвилин і 5 секунд.,/watch?v=480kHyfjjfU
Hyundai Sonata LF 2015 LPG . Авто на заводском газе - Тривалість: 7 хвилин і 41 секунда.,/watch?v=FTjYZazurG0
Kia K5 2015 LPG . Авто на заводском газе из Южной Кореи - Тривалість: 10 хвилин.,/watch?v=owEu5Mv-KbA
Kia K5 NEW R-line 2016 LPG . Авто из Южной Кореи под заказ - Тривалість: 13 хвилин.,/watch?v=OTl54S-drhk
Kia K5 2014 Prestige LPG . Авто из Южной Кореи - Тривалість: 9 хвилин і 40 секунд.,/watch?v=poZ9hr1xCkU
Kia K5 2014 LPG Prestige. Авто из Южной Кореи - Тривалість: 6 хвилин і 14 секунд.,/watch?v=Siq2LZ0WE7Q
Hyundai Sonata LF 2016 LPG . Авто из Южной Кореи под заказ - Тривалість: 6 хвилин і 33 секунди.,/watch?v=Tj2Cxy2iOxQ
Kia K5 2014 Full Luxury . Авто из Южной Кореи под заказ - Тривалість: 11 хвилин.,/watch?v=TYBpEc9cVzo
Hyundai Sonata LF 2015 LPG . Авто из Южной Кореи под заказ - Тривалість: 7 хвилин і 9 секунд.,/watch?v=KKJ4AQ5MxsM
SsangYong Korando Sports 2015 4WD 2.0D - Тривалість: 3 хвилини і 6 секунд.,/watch?v=4vS6kUW3QrA
Kia Sportage 4WD 2014 DELUXE - Тривалість: 9 хвилин і 49 секунд.,/watch?v=1OyPqLKldac
Kia Carnival NEW 2018 Hi-LIMOUSINE - Тривалість: 28 хвилин.,/watch?v=-a3B9INO_tU
Kia Cerato (K3) NEW 2018 - Тривалість: 11 хвилин.,/watch?v=rocDwHH4I9k
Частично решили вопрос с ограничением на продажу LPG машин - Тривалість: 83 секунди.,/watch?v=oJJfQa0Y6-Y
СПАСИБО SRT за сравнительный тест нашего автомобиля - Тривалість: 22 хвилини.,/watch?v=m_bh44fhmHg
Hyundai Santa Fe 2018 NEW . Авто из Южной Кореи - Тривалість: 6 хвилин і 42 секунди.,/watch?v=ZkLpQHLD5C8
Kia K5 LPG ( Optima ) 2014 . 100% газовое авто с завода . - Тривалість: 10 хвилин.,/watch?v=U9EFBC5Gj5M
Kia K5 LPG 2015 DELUXE . Авто из Кореи на заводском газе - Тривалість: 15 хвилин.,/watch?v=cz_Gh7DOEl4
Hyundai Sonata LF 2015 LPG . Авто на заводском газе - Тривалість: 8 хвилин і 53 секунди.,/watch?v=VRemy03qPyA
Hyundai Sonata LF 2015 LPG . Авто из Кореи под заказ - Тривалість: 8 хвилин і 47 секунд.,/watch?v=zQbitkTOpu8
Kia K5 NEW 2016 LPG . Авто на заводском газе - Тривалість: 14 хвилин.,/watch?v=GFgrVH3g5oM
Kia K5 2014 LPG . Авто из Южной Кореи +380996699488 - Тривалість: 12 хвилин.,/watch?v=QFwQlQ2piD0
Hyundai Sonata LF 2015 LPG . Авто из Южной Кореи - Тривалість: 11 хвилин.,/watch?v=pM4qWwrEgKI
Hyundai Sonata LF 2015 LPG  . Авто из Южной Кореи - Тривалість: 11 хвилин.,/watch?v=Blh2o6_Mlq4
Ограничения на экспорт LPG машин - Тривалість: 3 хвилини і 45 секунд.,/watch?v=tv_VM65x8QY
Авто из Южной Кореи в наличии и под заказ +380996699488 - Тривалість: 31 секунда.,/watch?v=05-NSEnZZug
Авто из Южной Кореи - Анонс - Сеул 08.07.2018 - Тривалість: 2 хвилини і 2 секунди.,/watch?v=O5J23Wy7Caw
"ЗАМЕНА ГАЗОВОГО ФИЛЬТРА на Kia K5 LPG , Hyundai Sonata LPG , Kia K7, Hyundai Grandeur - Тривалість: 5 хвилин і 7 секунд.",/watch?v=ADVzmOzukAY
"Следим за каналом SRT , анонс сравнительного теста - Тривалість: 56 секунд.",/watch?v=YaWxBmsIfpg
Разгрузка машин в порту . Авто из Южной Кореи - Тривалість: 6 хвилин і 9 секунд.,/watch?v=jwN02LXs1DI
Загрузка машин в контенер. Auto from Korea - Тривалість: 25 хвилин.,/watch?v=FpEe5QmqPb0
SKOREACAR - НАШИ КЛИЕНТЫ ВСЕГДА ПОЛУЧАЮТ БОЛЬШЕ ЧЕМ ОЖИДАЮТ - Тривалість: 3 хвилини і 14 секунд.,/watch?v=puR6FaGOchk
Kia K7 NEW 2017 LPG . Авто из Кореи - Тривалість: 8 хвилин і 10 секунд.,/watch?v=aydsLArkxAI
Kia K5 2014 Prestige LPG . Авто из Кореи . - Тривалість: 99 секунд.,/watch?v=NbhaELEXlYc
Kia K5 2014 Deluxe LPG . Авто из Кореи - Тривалість: 4 хвилини і 42 секунди.,/watch?v=X7O7M42Dm2Q
KIA K5 ( optima ) 2015 Luxe LPG . Авто из Кореи - Тривалість: 5 хвилин і 41 секунда.,/watch?v=SZ1GUuo3It4
Kia K5 2015 Prestige LPG - Тривалість: 5 хвилин і 35 секунд.,/watch?v=ZuhAEiMWOK4
Hyundai Sonata LF 2015 . Авто из Южной Кореи - Тривалість: 5 хвилин і 2 секунди.,/watch?v=wRs59_S2Wbg
Kia K5 2014 Prestige LPG . Авто из Кореи - Тривалість: 5 хвилин і 53 секунди.,/watch?v=msNfOWCcH1A
Kia K5 2015 Prestige LPG . Авто из Южной Кореи - Тривалість: 4 хвилини і 12 секунд.,/watch?v=12NpcHoDxkE
Kia K5 2014 LPG . Авто из Южной Кореи - Тривалість: 6 хвилин і 29 секунд.,/watch?v=gBIGE-9GPBg
Hyundai Sonata LF 2015 Special LPG . Авто из Кореи - Тривалість: 7 хвилин і 27 секунд.,/watch?v=KPySHVanskE
Hyundai Sonata LF 2015 . Авто из Южной Кореи - Тривалість: 9 хвилин і 1 секунда.,/watch?v=i_gIIk_c4fw
Kia K5 2014 Deluxe LPG . Авто из Южной  Кореи - Тривалість: 6 хвилин і 29 секунд.,/watch?v=VT3fQbu9mKs
KIA K5 2014 Prestige LPG . Авто из Южной Кореи - Тривалість: 9 хвилин і 20 секунд.,/watch?v=Xwprf4mJFEI
Hyundai Sonata LF 2015 Special LPG . Авто из Южной Кореи - Тривалість: 10 хвилин.,/watch?v=W04ZOrkN3X8
Kia K5 2015 Deluxe LPG . Авто из Южной Кореи - Тривалість: 7 хвилин і 24 секунди.,/watch?v=YBmzmLky9P8
Kia K5 ( Optima ) 2014 Prestige LPG . Авто из Южной Кореи - Тривалість: 6 хвилин і 30 секунд.,/watch?v=4sU4Qlto8AA
Kia Stinger 2018 . Авто из Южной Кореи - Тривалість: 5 хвилин і 49 секунд.,/watch?v=jK2I9wLfzsQ
Kia K7 NEW 2017 . Авто из Южной Кореи - Тривалість: 12 хвилин.,/watch?v=kVTdKh3jO60
Kia K5 2014 Luxury Full LPG . Авто из Южной Кореи - Тривалість: 8 хвилин і 15 секунд.,/watch?v=3ruq41wMNz8
Kia K5 2014 Prestige LPG . Авто из Южной Кореи - Тривалість: 6 хвилин і 5 секунд.,/watch?v=lCT4tjQAU30
Kia K5 2015 Deluxe LPG . Авто из Южной Кореи - Тривалість: 5 хвилин і 19 секунд.,/watch?v=Lx1oZpHcSYo
Kia K5 2015 Prestige LPG . Авто из Южной Кореи - Тривалість: 5 хвилин і 1 секунда.,/watch?v=o8hb0POUdSI
Kia K5 2014 Prestige LPG .Авто из Южной Кореи - Тривалість: 6 хвилин і 42 секунди.,/watch?v=Jw3Cu7m0r88
Kia K3 ( Cerato ) NEW 2018 - Тривалість: 2 хвилини і 23 секунди.,/watch?v=REtxAWbhlUM
LPG заправка в Южной Корее - Тривалість: 94 секунди.,/watch?v=uDty71d7Rk4
Kia K5 2014 LPG Deluxe . Авто из Южной Кореи - Тривалість: 7 хвилин і 55 секунд.,/watch?v=na7QqgH-Krs
Kia K5 2014 LPG Prestige . Авто из Южной Кореи - Тривалість: 7 хвилин і 7 секунд.,/watch?v=yXbKMd61LpY
Kia K5 2015 LPG Prestige . Авто из Южной Кореи - Тривалість: 8 хвилин і 42 секунди.,/watch?v=Tq3S5eN6iuY
Hyundai Sonata NEW 2018 LPG . Авто из Южной Кореи - Тривалість: 8 хвилин і 36 секунд.,/watch?v=U7HTjG-OrSE
Kia K5 NEW 2016 LPG . Авто из Южной Кореи - Тривалість: 9 хвилин і 29 секунд.,/watch?v=zbbyGSBSoMI
Hyundai Sonata LF 2015 LPG . Авто из Южной Кореи - Тривалість: 5 хвилин і 52 секунди.,/watch?v=7sUjg826x_s
Kia K5 LPG Luxe 2014 . Авто из Южной Кореи - Тривалість: 8 хвилин і 10 секунд.,/watch?v=aXluAdxBvqk
Kia K5 LPG 2015 Prestige . Авто из Южной Кореи . - Тривалість: 6 хвилин і 12 секунд.,/watch?v=31_fqA2I6JA
Kia K5 LPG 2015 Deluxe . Авто из Южной Кореи - Тривалість: 8 хвилин і 14 секунд.,/watch?v=5iFKakCTZe4
Kia K5 LPG 2014 . Авто из Южной Кореи - Тривалість: 8 хвилин і 44 секунди.,/watch?v=KFJti-WhMVw
Kia K5 LPG 2015 Prestige . Авто из Южной Кореи - Тривалість: 6 хвилин і 43 секунди.,/watch?v=-FTWn-v1JZw
"Renault - Samsung SM5, 2015 LPG (Renault Lattitude) - Тривалість: 6 хвилин і 11 секунд.",/watch?v=lYoSDyIoSx8
Kia Morning 2014 Bi-Fuel ( газ-бензин ) - Тривалість: 5 хвилин і 20 секунд.,/watch?v=2V11gJ_Kwvk
Kia K7 NEW 2017 (Cadenza) LPG - Тривалість: 10 хвилин.,/watch?v=ik-G3yQP6-Q
Hyundai Sonata NEW RISE 2018 LPG - Тривалість: 2 хвилини і 34 секунди.,/watch?v=G1c4i3_XM5g
Сеул Анонс 09.05.2018 - Тривалість: 43 секунди.,/watch?v=QW4gaMWYmFA
Спасибо за отзыв ... Работаем для Вас - Тривалість: 2 хвилини і 24 секунди.,/watch?v=OeXtqzmLiiU
Замена заправочного клапана с Корейского на Европейский - Тривалість: 2 хвилини і 32 секунди.,/watch?v=Jou8byJqPBU
Разгрузка машин в порту . Авто из Кореи на заводском газе - Тривалість: 4 хвилини і 1 секунда.,/watch?v=J6sWmczqlbQ
Smart EV D2 - электрокар лилипут - Тривалість: 2 хвилини і 1 секунда.,/watch?v=jprl01sMy0w
Сеул . Ваша маленькая 3-D копия - Тривалість: 78 секунд.,/watch?v=mj4z58u9rdo
Kia K9 2018 . Авто из Южной Кореи - Тривалість: 62 секунди.,/watch?v=8iDR3iz8O9I
Погрузка авто в контейнер. Авто из Южной Кореи - Тривалість: 7 хвилин і 22 секунди.,/watch?v=qo23tGdb5YM
Hyundai Genesis 2018 3.3 Turbo - Тривалість: 54 секунди.,/watch?v=CC-k08R_nGM
Готовимся к загрузке в контейнеры - Тривалість: 96 секунд.,/watch?v=9swE0t-m9nI
Kia K5 2014 LPG . Авто из Южной Кореи - Тривалість: 6 хвилин і 15 секунд.,/watch?v=YsUGGyHTHL0
Kia K5 LPG - Пробег 909 тысяч !!! - Тривалість: 5 хвилин і 22 секунди.,/watch?v=Woepc1YemAE
Hyundai Sonata LF 2015 LPG. Авто из Южной Кореи - Тривалість: 12 хвилин.,/watch?v=7erQB_hljkg
Kia K5 LPG 2015 Nobles. Авто из Южной Кореи - Тривалість: 14 хвилин.,/watch?v=aC_c5z-Cdw8
Kia K5 LPG 2015 Авто из Южной Кореи - Тривалість: 7 хвилин і 56 секунд.,/watch?v=kRWO8QNx9X0
Kia K5 2014 ( Optima ) LPG . Авто из Южной Кореи - Тривалість: 6 хвилин і 26 секунд.,/watch?v=brRFIqIDrB8
Hyundai Sonata LF 2015 LPG . Авто из Южной Кореи - Тривалість: 6 хвилин і 12 секунд.,/watch?v=1V2Fks23fzg
Сколько стоит Kia K5 и Hyundai Sonata LF в Южной Корее ( ответы на вопросы ) - Тривалість: 4 хвилини і 22 секунди.,/watch?v=1UFS1go5PcM
Kia K5 LPG 2014 DELUX . Авто из Южной Кореи - Тривалість: 5 хвилин і 17 секунд.,/watch?v=zA_1iGNzEEg
Hyundai Sonata LF LPG Авто из Южной Кореи - Тривалість: 10 хвилин.,/watch?v=Thnhli_bhso
Hyundai Grandeur LPG 2014 V6 3.0 Авто из Южной Кореи - Тривалість: 12 хвилин.,/watch?v=Zw-ZlD7spbs
Hyundai Sonata NF 2013 года - не может быть ?..... Смотрите.... может ! - Тривалість: 3 хвилини і 54 секунди.,/watch?v=plKA9yyjs9Y
Kia K5 LPG 2015 Lux. Авто из Южной Кореи - Тривалість: 6 хвилин і 37 секунд.,/watch?v=m9jG4WAdqNI
Kia K5 LPG 2014 Авто из Южной Кореи - Тривалість: 8 хвилин і 2 секунди.,/watch?v=llkoyKntYuA
Kia Sorento Prime 2016 - Тривалість: 2 хвилини і 57 секунд.,/watch?v=KvvsuCx5l8g
Немного о кроссоверах - Тривалість: 4 хвилини і 52 секунди.,/watch?v=JI6feFBjsK8
Hyundai Tucson NEW - Тривалість: 4 хвилини і 36 секунд.,/watch?v=f1HC3N1CPFg
Hyundai Genesis 2.0 Turbo - Тривалість: 5 хвилин і 29 секунд.,/watch?v=7POK94nGfgs
KIA Grand Carnival 2.2 Diesel - Тривалість: 5 хвилин і 28 секунд.,/watch?v=FeOSYSZprXU
Как осматривают машины перед аукционом - Тривалість: 2 хвилини і 16 секунд.,/watch?v=NqH4mKTD7g0
Hyundai IONIQ Hybrid 1.6 - Тривалість: 9 хвилин і 37 секунд.,/watch?v=CMLRLff2sqM
Hyundai Santa Fe 2015 - Тривалість: 5 хвилин і 7 секунд.,/watch?v=99MzRn2_cwg
Автомобильный аукцион AJ - Тривалість: 2 хвилини і 2 секунди.,/watch?v=jCHfSsxNQPA
Немного Вечернего Сеула - Тривалість: 102 секунди.,/watch?v=u85r0maNgc0
Сеул 19.03.2018 ( Анонс ) - Тривалість: 102 секунди.,/watch?v=uJQamKEN3ok
Масштабы автомобильных аукционов в Южной Кореи - Тривалість: 2 хвилини і 19 секунд.,/watch?v=1OcNI3NUveQ
KIA Stinger 3.3 GDi (370 л.с.) - Тривалість: 64 секунди.,/watch?v=e8MMKBFECK4
Качество дорог в Южной Кореи - Тривалість: 93 секунди.,/watch?v=WE_ks42Gt2A
Hyundai Genesis 3.8 V6 . Авто с Южной Кореи под заказ - Тривалість: 5 хвилин і 58 секунд.,/watch?v=407l-o-AOGI
Hyundai Grandeur LPG 3.0 V6 . Авто с Южной Кореи - Тривалість: 3 хвилини і 15 секунд.,/watch?v=iwgIuPYuOdo
Kia Cadenza LPG ( Kia K7 ) V6 3.0 LPI Авто с Южной Кореи - Тривалість: 6 хвилин.,/watch?v=9vrQb_4PIjU
Kia K5 LPG ( Optima ) 2014 Авто с Южной Кореи под заказ - Тривалість: 9 хвилин і 29 секунд.,/watch?v=kBTkuubk1k4
Renault Samsung SM5 2014 ( LPG ) Авто с Южной Кореи - Тривалість: 3 хвилини і 32 секунди.,/watch?v=4L4fsiqpgM8
Процесс погрузки машин в контейнер - Тривалість: 11 хвилин.,/watch?v=OzCyG_JhvCg
LPG газовый насос - Тривалість: 3 хвилини і 33 секунди.,/watch?v=uLWuMcwxSdg
Hyundai Elantra ( Avante)  2013 ( 1.6 LPG ) Авто с Южной Кореи под заказ - Тривалість: 3 хвилини і 47 секунд.,/watch?v=B4zaZV6rkWs
Ресурс газовых машин LPG с двигателем LPI - Тривалість: 7 хвилин і 29 секунд.,/watch?v=0HAKnhoVEXA
Kia Sportage 2016 ( 2.0 Diesel ) Авто с Южной Кореи под заказ - Тривалість: 4 хвилини і 33 секунди.,/watch?v=mq7A9IOwwhg
Как проходит Автомобильный Аукцион в Южной Кореи - Тривалість: 4 хвилини і 23 секунди.,/watch?v=poBSk_noY5o
Авто Аукцион в Bundang - Тривалість: 102 секунди.,/watch?v=byNUpR3_I34
KIA CARNIVAL LIMOUSINE 2016 ( Авто с Южной Кореи под заказ ) - Тривалість: 2 хвилини і 16 секунд.,/watch?v=AWrt-yy5YGg
Машины на отправку - Тривалість: 66 секунд.,/watch?v=3oArOvLqOhs
Hyundai Sonata LF 2015 LPG (LPI) Авто с Южной Кореи под заказ - Тривалість: 13 хвилин.,/watch?v=l5gmPPBYhEs
Авто с Южной Кореи KIA K5 ( LPG) - Тривалість: 10 хвилин.,/watch?v=z6eQMvcCMWw
KIA K5 LPG (LPI) Авто с Южной Кореи под заказ - Тривалість: 15 хвилин.,/watch?v=j0AVY5cBuHs
KIA K5 LPG ( LPI) Авто с Южной Кореи под заказ - Тривалість: 5 хвилин і 37 секунд.,/watch?v=3OLOgQjENNs
Авто с Южной Кореи под заказ ( KIA K5) LPG - Тривалість: 14 хвилин.,/watch?v=DVS13vK1Log
Авто Аукцион LOTTE Rental ( Авто с Южной Кореи под заказ ) - Тривалість: 24 секунди.,/watch?v=i5uSBKdxESQ
LPG Авто с Южной Кореи под заказ ( Kia Optima (K5) 2014) - Тривалість: 9 хвилин і 5 секунд.,/watch?v=oFgUbEZTyyU
Авто с Южной Кореи под заказ KIA K5 2014 LPG (LPI) Luxury - Тривалість: 12 хвилин.,/watch?v=ltBaxvnsawI
Авто с Южной Кореи под заказ Kia K5 2014 год LPG - Тривалість: 14 хвилин.,/watch?v=02Yla5AoP_4
Подбор машины в Сеуле клиентам под заказ - Тривалість: 2 хвилини і 49 секунд.,/watch?v=Uo97WozTayA
Авто с Южной Кореи под заказ Hyundai Sonata LF 2015 LPG ( LPI) - Тривалість: 11 хвилин.,/watch?v=aDAatn3c9DU
Авто с Южной Кореи под заказ KIA K5 LPI ( LPG) - Тривалість: 3 хвилини і 17 секунд.,/watch?v=4o0yS1gbng8
